title,url,press,time,content
日 상장사 순익 4년째 최고치…비제조업 '훨훨',https://n.news.naver.com/mnews/article/215/0001209610,한국경제TV,2025-05-17 17:25:42,"지난해 일본 상장사들의 순이익이 사상 최고치를 경신한 것으로 전해졌다.17일 산케이신문에 따르면 현지 증권사인 SMBC닛코증권이 지난 15일까지 발표된 상장사(전체 도쿄 증시 상장기업의 99.5%)의 지난해 사업연도(2024년 4월~2025년 3월) 결산 실적을 집계한 결과 지난해 순이익은 전년보다 8.2% 늘어난 48조5천412억엔(약 466조8천억원)에 달했다.이로써 지난해 일본 상장사의 순이익은 4년 연속 최고치를 경신한 것으로 보인다.업종별로는 비제조업의 순이익이 16.7% 늘었다.반면 제조업은 철강, 자동차 등을 중심으로 2.1% 감소했다.올해 일본 상장사의 순이익 전망에 대해 신문은 ""약 60%의 기업은 2025년도 순이익이 줄 것으로 전망하고 있다""며 ""6년만에 감소세를 보일 가능성이 있다""고 전했다.(사진=연합뉴스)"
"""관세 무풍인 줄 알았는데""…트럼프 행정명령에 바짝 긴장한 바이오株[이런국장 저런주식]",https://n.news.naver.com/mnews/article/011/0004486473,서울경제,2025-05-17 14:44:09,"삼성바이오 고점 대비 -15% ""황제주도 위태""셀트리온 ""바이오시밀러 오히려 유리할 수도""약값 인하 경쟁 심화 전망,개별 영향 따져봐야[서울경제]도널드 트럼프 미국 대통령. AP 연합뉴스미국 정부가 발표한 1차 상호관세 대상에서 의약품이 제외되면서 한숨을 돌렸던 바이오 시장이 다시 긴장 상태에 들어갔다. 품목별 세부 관세 정책이 예고된 가운데, 도널드 트럼프 미국 대통령이 깜짝 약가 인하 행정명령까지 발표하면서 주요 바이오 기업들의 주가 는일제히 약세를 나타내고 있다. 다만 업계에서는 바이오시밀러는 오히려 수혜를 입을 수도 있다는 시각도 있어 향후 정책 세부안에 따라 바이오 업종 내에서도 ‘명암’이 엇갈릴 수 있다는 전망이 나온다.17일 한국거래소에 따르면삼성바이오로직스(207940)는 이달 12일부터 16일까지 최근 일주일 새 주가가 104만 원에서 100만 2000원으로 3.65% 하락했다. 미국의 고관세 정책의 영향이 비교적 제한적일 것이라고 평가받던 삼성바이오로직스는 올 1월 ‘황제주(주가가 100만 원 이상인 종목)’에 등극한 뒤 2월 17일 118만 5000원으로 사상 최고가에 올라선 바 있다. 그러나 트럼프 대통령의 돌발 발표에 주가는 100만 원 내외로 고꾸라져 고점 대비 15%가량 하락했다.같은 기간셀트리온(068270)(-2.53%),SK바이오팜(326030)(0.33%),유한양행(000100)(-0.93%) 등도 동반 약세를 보였다. 같은 기간 코스피 지수가 1.92% 상승한 점을 감안하면 저조한 성적이라는 평가다.제약 종목들이 일제히 약세를 보인 것은 트럼프 대통령의 ‘약가 정상화’ 행정명령에 따른 것으로 풀이된다. 트럼프 대통령은 12일(현지시간) 미국 내 처방약 가격을 타국과 동일 수준으로 인하하겠다는 내용의 행정명령에 서명했다. 미국 보건복지부 장관에게는 30일 내로 최혜국(MFN) 기준에 맞는 약가를 책정하라고 요구했고, 인하가 이뤄지지 않을 경우 정부가 약값을 제한하는 방식으로 대응하겠다는 계획도 덧붙였다.이번 행정명령은 미국에서 판매되는 처방약 등 의약품의 가격을 30%에서 80%까지 즉각 낮추겠다는 것을 골자로 한다. 실제 미국은 다른 선진국보다 약값이 약 2.6배, 한국과 비교했을 때도 많게는 11배까지 더 비싼 것으로 알려졌다. 트럼프 대통령은 2020년 1기 행정부 때도 최혜국 약가 정책을 추진했지만 제약업계의 반발로 무산된 바 있다. 업계는 미국이 '약가 인하'에 이어 의약품 제조업 강화를 위한 '수입관세 인상'을 계획하고 있는 만큼 기업들에 영향이 적지 않을 것으로 보고 있다.다만, 업계에서는 개별 기업에 미칠 영향을 따져봐야한다는 입장이다. 셀트리온은 13일 공식 입장을 내고, 이번 조치가 바이오시밀러 기업에 유리하게 작용할 수 있다고 평가했다. 셀트리온은 “중간 유통(PBM 등) 구조 개선은 당사의 미국 영업 활동에 있어 긍정적인 기회를 제공할 것”이라며 “오리지널 제품 기반의 고수익 제약사들이 구축한 중간 유통 구조와 지배력은 약화될 것으로 전망되며 이는 경쟁을 기반으로 한 바이오시밀러 기업에게 있어 시장 확대 기회가 될 수 있다”고 내다봤다.삼성바이오로직스는 지난해 기준 북미 매출이 전체의 25.8%를 차지하고 있다. 관세 부과시 원료의약품이나 중간 제품 이동에 따른 비용 인상 압박이 발생한다. 회사 측은 구체적인 관세 정책이 나온 후 대응하겠다는 입장이다. 전체 매출의 80.1%가 미국 시장에서 발생하는 SK바이오팜은 보다 신중한 입장이다. 뇌전증 치료제 '엑스코프리'가 미국 시장 유일한 성장축인 SK바이오팜은 약가 인하 및 관세 부과시 수익성 타격이 직접적일 수밖에 없다.이선경 SK증권 연구원은 “세부 내용에 대한 구체적인 방안이 부재한 상황에서 여러 장벽이 존재해 단기내 약가 실현 가능성이 불투명하다”면서 “직접 구매체계 구축 외에도 유럽 등 선진국들의 불공정한 약가 조정 압박 가능성이 존재해 약가 인하에 따른 제약사 피해는 제한적일 수 있는 상황”이라고 밝혔다. 이희영 대신증권 연구원은 “바이오시밀러는 식품의약국(FDA) 승인 절차 간소화로 개발비용 부담이 줄어드는 효과가 기대되는 반면, 약가 인하 압력과 경쟁 심화 우려가 동시에 존재한다”면서 “행정명령 실행 이후 제약 업계의 강력한 법적 대응, 로비 활동, 외교적 마찰 등 다수의 현실적 제약이 존재해 실제 시행까지는 일정 수준의 시간과 조정이 불가피할 전망”이라고 내다봤다."
"""美 주식보다 낫네""…한국 개미들 '2400억' 쏟아부은 곳",https://n.news.naver.com/mnews/article/015/0005133104,한국경제,2025-05-17 14:33:12,"샤오미와 BYD, 알리바바 집중적으로 사들인 중학개미사진=게티이미지뱅크중국과 홍콩 증시에 투자하는 중학개미가 올들어 샤오미와 BYD, 알리바바 등을 집중적으로 사들인 것으로 나타났다.17일 한국예탁결제원에 따르면 국내 투자자들은 올해 1~4월 총 5억6348만달러 규모의 홍콩·중국 주식을 순매수했다. 지난 1월 딥시크의 인공지능(AI) 모델이 공개된 이후 중국 기술주 랠리가 이어지자 올 2월부터 순매수세로 돌아섰다. 월간 기준 국내 투자자가 중화권 주식을 순매수한 것은 15개월 만이다. 국내 투자자는 지난 2월 홍콩·중국 증시에 상장된 주식을 2억881만달러어치 담았다. 3월엔 이보다 더 많은 금액(3억1061만달러)을 샀다. 올해 BYD와 알리바바 등이 60% 넘게 뛰는 동안 테슬라와 엔비디아 등 서학개미가 대거 보유한 미국 주식이 마이너스 수익률을 기록한 것도 영향을 미쳤다.올해 중학개미가 가장 많이 사들인 기업은 샤오미(1억7400만달러 순매수)다. 지난해 매출 3659억640만위안(약 71조원), 순이익은 272억3450만위안(약 5조3000억원)을 기록해 사상 최대 실적을 갈아치웠다. 핵심 사업인 스마트폰 부문이 선전하고 있는 가운데 전기차 사업도 양호한 성장세를 보이면서 투자 자금이 몰렸다. BYD(1억2300만달러)와 알리바바(7500만달러)는 각각 올해 순매수 2위와 3위에 올랐다. BYD는 지난해 미국 테슬라를 제치고 세계 매출 1위 전기차 기업으로 등극했다. 알리바바 역시 올 초 AI 모델을 내놓고 창업자인 마윈이 경영에 복귀하면서 투자자의 관심을 끌고 있다.증권가에선 ‘홍콩 증시에선 기술주, 중국 본토에선 소비주’를 눈여겨보라는 조언이 나오고 있다. 중국 정부는 지난 3월 ‘소비 진흥 특별행동방안’을 발표하는 등 각종 지원책을 동원하며 소비 진작에 힘쓰고 있다. 중국 경제가 올해 내수 중심으로 연착륙하면 이들 주식에 수급이 몰릴 것이란 전망이 나온다. 김경환 하나증권 연구원은 “샤오미와 알리바바, 바이두, BYD 등 주요 기술주를 비롯해 팝마트, 트립닷컴, 미니소 등 대형 소비주가 긍정적”이라고 말했다.글로벌 투자 업계에선 최근 호실적 기록한 텐센트의 주가 전망을 밝게 보고있다. 골드만삭스(590홍콩달러→595홍콩달러)와 시티그룹(670홍콩달러→695홍콩달러) 등은 최근 텐센트의 목표주가를 올렸다. 공격적인 AI 투자로 광고와 전자상거래, 클라우드 부문이 성장세를 나타낼 것이라고 보고 있다. 모건스탠리는 최근 신흥 소비주인 팝마트의 실적 개선이 기대된다며 목표주가를 204홍콩달러에서 224홍콩달러로 높였다.조아라 기자"
테슬라 한국서만 10만대 주행…국내 기업도 ‘낙수효과’ 노린다 [김기혁의 테슬라월드],https://n.news.naver.com/mnews/article/011/0004486464,서울경제,2025-05-17 14:01:06,"테슬라 뉴 모델Y. 사진제공=테슬라코리아[서울경제]※하단에 있는 ‘김기혁의 테슬라월드’를 구독하시면 테슬라와 일론 머스크가 추진하는 전기차·로봇·AI·자율주행·에너지 산업의 미래를 쉽게 파악하실 수 있습니다. 외신과 국내 뉴스에서 접하기 어려운 따끈따끈한 SNS 소식도 직접 해설합니다. 많은 구독 부탁드립니다.━주니퍼 흥행 여부에 10만대 돌파 시점 달라져테슬라는 한국에서 기념비적인 통계 달성을 눈앞에 두고 있습니다. 2017년 국내 진출 이후 누적 판매량이 올해 안에 10만대를 돌파할 것으로 예상되고 있기 때문입니다. 테슬라가 한국 시장에 안착하면서 테슬라 차주를 겨냥한 서비스도 출시되고 있습니다. 테슬라 외 다른 업체들이 누릴 수 있는 이른바 ‘낙수효과’인 셈인데요. 테슬라가 국내에서 차량을 생산하며 고용에 기여하고 있진 않지만 한국 기업들이 테슬라 차량을 기반으로 창출할 수 있는 다양한 부가 사업이 경제 효과를 낼 수 있을지 관심이 쏠립니다.우선 테슬라의 국내 판매 상황을 살펴보겠습니다. 박용갑 더불어민주당 의원이 국토교통부에서 받은 자료에 따르면 테슬라는 올해 3월 기준 9만5387대가 등록돼 있습니다. 지난해만 놓고 보면 국내 신규 등록된 테슬라 전기차는 전년 대비 81% 늘어난 2만 9754대로 전기차 브랜드 중 기아에 이어 2위를 차지했습니다. 올 상반기 중 누적 판매량으로 10만 대가 넘어설 가능성도 있습니다.관건은 ‘주니퍼’라는 별명이 붙은 뉴 모델 Y의 흥행 여부입니다. 4월부터 국내 판매를 시작한 뉴 모델 Y는 모델 Y의 부분 변경 모델로 미래지향적인 내·외장 디자인과 정숙성을 갖춘 것이 특징입니다. 국내에선 후륜구동인 RWD, 사륜구동인 롱레인지, 테슬라 최초 한정판인 런치 시리즈가 포함된 총 3가지 트림으로 출시됐습니다. 뉴 모델 Y의 국내 판매 가격은 △RWD 5299만 원 △롱레인지 6314만 원 △런치 시리즈 7300만 원으로 책정됐습니다.━전기차 애프터마켓 서비스 확대이처럼 전기차 보급이 확산되면서 차량 관리의 패러다임도 급격히 변화하고 있다는 분석입니다. 차주 입장에서 전기차는 배터리, 소프트웨어, 충전 인프라 등 내연기관차와는 관리할 게 전혀 다르기 때문입니다. 테슬라 오너들의 차량관리 수요에 맞춰 국내에서 애프터마켓 서비스가 속속 등장하고 있는 이유입니다.최근 차봇모빌리티와 벤스코는 전략적 협약을 맺고 테슬라를 중심으로 한 전기차 특화 프리미엄 시공 서비스 시장에 본격 진출했습니다. 벤스코의 전기차 특화 필름 기술력과 차봇모빌리티의 통합 플랫폼 경쟁력을 결합해 테슬라 오너를 위한 맞춤형 시공 패키지를 출시했습니다. 고객은 차봇 앱에서 원하는 시공 상품을 선택·예약해 벤스코의 전문 시공 서비스를 받을 수 있습니다. 벤스코는 10년간의 연구 개발을 통해 전기차에 특화된 프리미엄 틴팅 필름을 선보이는 국내 최대 공급사입니다. 특수 코팅을 통해 겨울철에는 열손실을 기존 대비 16% 줄여 에너지 절감 효과를 낼 수 있다는 설명입니다.라이드나우 앱 화면. 사진제공=라이드전기차 시승을 전문으로 하는 앱 서비스도 있습니다. 스타트업 라이드가 운영하는 ‘라이드나우’는 테슬라, 폴스타 등 다양한 전기차 브랜드 차량의 시승 기회를 제공합니다. 이 회사는 라이드나우 외에 차량 관리 서비스 '라이드케어', 전기차 충전기 운영·관리 서비스 '라이드온', 자동차 브랜드 교육·컨설팅 서비스 '라이드콘텐츠' 등 자동차 생애주기 전반을 아우르는 종합 모빌리티 솔루션을 구축하고 있습니다. 지난 2월에는 40억 원 규모의 시리즈A 투자를 유치하기도 했습니다.━테슬라 서비스센터 부족…AI 기반 차량 관리 솔루션 고도화 전망전기차 관리는 내연기관차의 엔진·변속기 위주 정비와는 근본적으로 다릅니다. 전기차는 ‘움직이는 컴퓨터’라 불릴 만큼 소프트웨어 비중이 크기 때문이죠. 테슬라 차량은 OTA(Over-The-Air) 방식으로 소프트웨어를 원격 업데이트하며 차량 데이터 분석을 통해 정비 시점을 예측합니다. 따라서 내연기관차에 익숙했던 차주가 전기차로 바꿀 경우 앱 진단을 통해 차량 관리에 도움을 받을 수 있다는 조언이 나옵니다. 해당 분야는 인공지능(AI) 도입과 함께 점차 고도화될 것이란 게 관련 업계의 전망입니다.특히 국내 테슬라 이용자로서 차량 관리 서비스가 중요한 것은 테슬라 공식 AS를 받을 수 있는 곳이 턱없이 부족하기 때문입니다. AS 등을 받을 수 있는 테슬라 서비스센터는 국내에 14곳에 불과합니다. 전국 17개 시도 가운데 대전·울산·충북·충남·전북·전남·경북·경남 등 8곳에는 테슬라 전기차 정비소가 단 1개도 없는 것으로 파악됐습니다."
"후순위채 파장 롯데손보, 등급 강등 위기[위클리 크레딧]",https://n.news.naver.com/mnews/article/018/0006016582,이데일리,2025-05-17 11:31:07,"[이데일리 마켓in 안혜신 기자] 이번주 크레딧 시장에서는 롯데손해보험(000400) 신용등급 전망이 ‘부정적’으로 하향됐다. 한진칼과 대한항공 신용등급은 올랐다.롯데손보, 등급 전망 ‘위태’한국기업평가는 롯데손보 보험금지급능력평가(IFSR), 신종자본증권, 후순위채 등급 전망을 일제히 부정적으로 내렸다. 신용등급은 후순위채 ‘A-’, 신종자본증권 ‘BBB+’, 보험금지급능력평가는 ‘A’를 유지했다.한기평은 롯데손보에 대해서 자본관리 부담이 지속될 것으로 봤다. 작년 말 기준 롯데손보의 지급여력비율(K-ICS·킥스)은 156%로 비교적 우수한 수준이다. 하지만 경과조치 효과와 해지율 관련 예외모형 적용효과에 크게 의존하고 있다고봤다. 국내 보험사 중 예외모형을 적용한 곳은 롯데손보가 유일하다. 원칙모형 적용 시 킥스 비율은 127%로 업계 평균을 크게 하회한다.롯데손보송미정 한기평 수석연구원은 “할인율 산출기준 현실화, 이미 발행한 자본성증권 콜옵션(조기상환) 행사 시점 도래 등이 추가적인 하방압력으로 작용하고 있다”면서 “기본자본 규제 도입은 부담을 가중시키는 요인”이라고 지적했다.작년 말 기준 롯데손보의 기본자본 킥스 비율은 마이너스(-)2%(경과조치적용 후)로 매우 미흡한 수준이다. 여기에 모회사가 사모펀드(PEF)로 유상증자를 통한 자본확충 가능성이 높지 않다는 점을 고려할 때 재보험 출재 및 위험자산 매각을 통한 요구자본 축소, 기본자본으로 인정되는 자본성증권 발행 등 기본자본 킥스비율 제고를 위한 다각적 전략이 검토 및 실행돼야 한다는 의견이다.뿐만 아니라 지난 8일 최초 조기상환 시점이 도래한 900억원 규모 후순위채에 대해서도 상환 여부 및 시점, 이번 사태로 향후 자금조달에 미칠 영향 등을 모니터링할 예정이다.제도 변화에 따라 크게 변하고 있는 보험계약서비스마진(CSM)과 보험손익 등도 점검이 필요하다고 봤다. 또 작년말 위험자산비중 41%로 업계평균 35%를 상회하고 있다. 특히 수익증권(대부분 대체투자) 비중이 높다는 점도 투자손익 악화의 주요인이라는 분석이다.이밖에 NICE신용평가(NICE신평)는 푸본현대생명보험 보험금지급능력등급은 ‘A+, 안정적’으로 신규 평가하고 후순위채는 ‘A, 안정적’으로, 장기신용등급 등급전망은 ‘부정적’으로 하향 조정했다.대한항공, 신용등급 ‘A’로 올라한기평, 한국신용평가, NICE신평 등 신평사 3사는 대한항공(003490) 신용등급을 일제히 상향 조정했다. 이에 따른 대한항공 신용등급은 ‘A-, 긍정적’에서 ‘A, 안정적’으로 올랐다.아시아나항공 인수 후 중장기 사업경쟁력이 제고될 것이라는 전망에서다. 대한항공은 지난해 12월 아시아나항공 인수를 완료했고, 이에 따라 국내공항 국제선 이용객 기준 50% 내외 점유율 확보와 여객기 약 265대를 보유하게 된다. 이에 따라 시장지위가 강화되고 연 매출 20조원 이상으로 수익창출력이 제고될 것이라는 의견이다.특히 양사 결합으로 국내에서 확고한 경쟁지위 구축과 규모의 경제효과(정비료 절감, 구매력 증가 등), 주복 노선 조정을 통한 효율적 노선 배치 등으로 사업안정성이 제고될 것이라는 전망이다.또 견조한 국제여객 수요를 기반으로 양호한 이익창출력이 유지될 것으로 봤다. 지난 2023년 이후 화물운임 하락, 고유가·고환율 등 비우호적 거시경제 환경이 수익성에 부담 요인으로 작용했지만 국제여객부문 수익창출력 강화, 중국발 이커머스 수요 확대 등으로 높은 화물 운임이 유지되며 우수한 이익창출력을 지속했다.NICE신평은 중단기적으로 미국 관세 정책 변화 등에 따른 화물 수요 위축 가능성, 대한항공 대비 수익성이 낮은 아시아나항공 연결편입, 시정조치안에 의한 일부 노선 운임 상승 제한, 인플레이션에 따른 제반비용(조업비, 정비비 등) 상승 등 대한항공 수익성에 부감 요인이 존재한다고 봤다.문아영 NICE신평 연구원은 “다만 미주 등 주력 노선의 견조한 여객 수요와 신기재 인도 지연에 따른 공급 여력 제한 프리미엄 좌석 수요 확대 등 수요패턴 변화에 기반해 대한항공은 과거 대비 높은 운임 수준을 확보할 것”이라면서 “우수한 시장지위와 장기간 축적된 사업 역량, 시장 상황 변화에 따른 탄력적 기재 운용능력을 바탕으로 양호한 이익창출력을 유지할 것”이라고 전망했다."
한국금융지주의 실적 퀀텀점프…목표가 상향[청기홍기],https://n.news.naver.com/mnews/article/648/0000036247,비즈워치,2025-05-17 10:00:14,"한주간 증권가 목표주가 상향·하향 종목 리뷰자회사 한투증권 실적 호조에 지주 '깜짝 실적'위메이드·엔씨소프트·더블류게임즈 목표가 강등이번주 금융과 게임 업종에 대한 증권사 목표주가 향방이 엇갈렸다. 한국금융지주와 삼성증권은 호실적과 신사업 기대감에 목표가가 올랐다. 반면 위메이드와 엔씨소프트, 더블유게임즈는 실적 부진과 성장성 둔화 우려로 하향 조정됐다.한국금융지주 실적 호조에 목표가 ↑...삼성증권도 발행어음 기대감이번주 무려 9곳의 증권사가한국금융지주의 목표가를 일제히 올렸다. 시장컨센서스를 크게 웃도는 어닝서프라이즈를 발표한 덕이다.한국금융지주의 지난 1분기 연결 기준 지배주주순이익은 전년 동기 대비 34.5%, 전분기 대비 332.0% 증가한 4584억원을 기록했다. 시장 컨센서스(4042억원)도 30% 이상 웃돌았다.자회사인 한국투자증권의 호설적 영향이다. 한국투자증권의 별도기준 1분기 영업이익이 5188억원으로 지난해 1분기(3918억원) 대비 32.41% 증가했다. 기업금융(IB) 및 트레이딩 손익 호조에 힘입어 좋은 실적을 거뒀다.2025년 5월 둘째주 목표주가 상향 주요 종목/그래픽=비즈워치강승건 KB증권 연구원은 한국금융지주 목표가를 10만원에서 13만원으로 올리면서 ""자회사 한국투자증권의 호실적을 바탕으로 한국금융지주는 시장 전망치를 크게 웃돈 어닝 서프라이즈를 기록했다""고 말했다.박혜진 대신증권 연구원은 ""분석하는 기업 중 가장 좋은 실적을 기록할 것으로 예상은 했으나 이 정도로 우수한 수준을 기록할 줄은 몰랐다""며 ""이번 목표가 상향은 실적 호조뿐만 아니라 종합투자계좌(IMA) 진출 등 신사업 라이선스 추가 확보에 따른 이익 모멘텀 발생에도 기인한다""고 말했다.그 외 신한투자증권은 9만원에서 11만5000원, SK증권은 10만원에서 11만5000원, 다올투자증권은 9만6000원에서 11만원으로 각각 한국금융지주의 목표가를 올렸다.삼성증권목표가도 올랐다. 지난 1분기 안정적인 실적을 낸 가운데 2025년 발행어음 사업 승인을 전제로 향후 추가 성장 모멘텀도 확보할 수 있을 것이란 전망이다.삼성증권의 1분기 연결기준 매출액은 3조2711억원, 영업이익은 3346억원, 당기순이익 2484억원을 기록했다. 매출은 작년 1분기보다 12.13%로 줄었다. 영업이익은 같은 기간 0.91% 소폭 늘었다.강승건 KB증권 연구원은 ""삼성증권의 1분기 자기자본이익률(ROE)은 13.6%로 기대치에 부합하는 실적을 냈다""며 ""2025년 발행어음 사업 승인을 받는다면 2026년 이후 IB 및 트레이딩 부문의 추가적인 성장 모멘텀을 확보할 수 있을 것""이라고 전망했다.위메이드, 엔씨소프트 등 게임주는 실적 부진…목표가 '하향'이번주 위메이드와 엔씨소프트, 더블유게임즈의 실적 부진이 이어지면서 목표가가 잇달아 하향 조정됐다.위메이드의 올해 1분기 연결기준 매출액은 전년동기대비 12% 감소한 1418억원, 영업손실은 113억원을 기록했다. 전분기 대비 적자로 전환했지만, 전년 동기(영업손실 376억원)에 비하면 적자 규모가 줄었다.임희석 미래에셋증권 연구원은 위메이드 목표가를 5만3000원에서 3만2000원으로 내렸다. 임 연구원은 ""나이트크로우 매출액 하향세와 이미르 국내 흥행 실패에 따라 실적 부진을 기록했다""며 ""국내 등에서의 성과를 볼 때 미르M 중국, 이미르 글로벌 등에 큰 기대치를 갖기 어려운 것으로 판단한다""고 설명했다.2025년 5월 둘째주 목표주가 하향 주요 종목/그래픽=비즈워치엔씨소프트의 1분기 연결 기준 매출 3603억원, 영업이익 52억원을 기록했다. 매출은 전 분기 대비 12% 감소하고, 전년 동기 대비 9.5% 줄었다. 영업이익은 전분기대비 흑자 전환했으나, 전년동기대비로는 80% 감소했다.안재민 NH투자증권 연구원은 엔씨소프트 목표가를 23만원에서 22만원으로 내렸다. 그는 ""엔씨소프트는 1분기 부진한 실적을 기록했다""며 ""전분기 희망퇴직 비용 1100억원 정도가 빠졌지만 비용이 크게 절감되지 않았다""며 ""일부 자회사 위로금과 성과금, 연간 임금인상 때문""이라고 짚었다.안 연구원은 이어 ""2026년까지 6종의 신작 게임 출시가 예정돼 있는데, 1~2개만 성공해도 내년 매출 가이던스 2조원을 달성할 수 있을 것""이라고 내다봤다.더블유게임즈의 1분기 연결 기준 매출액 1620억원, 영업이익 548억원을 기록했다. 매출은 전년동기대비 0.9% 증가했으나, 영업이익은 11.2% 감소했다. 대표 게임인 소셜 카지노향 마케팅을 강화했지만 더블다운카지노, 더블류카지노의 성과가 예상대비 부진했다.이준호 하나증권 연구원은 더블유게임즈 목표가를 6만4000원으로 유지하면서도 ""예상치 못한 본업 미스""라고 혹평했다. 그는 ""본업 소셜카지노의 결제액 역성장을 원·달러 환율 증가로 방어해 왔으나 장기적으로 원·달러 환율이 하향 안정화할 경우 높은 기저로 작용할 위험이 있다""고 말했다.[청기홍기]의 모든 콘텐츠는 투자 권유, 주식가치의 상승 또는 하락을 보장하지 않습니다. 참고용으로 봐주세요!"
美국채 지금 사도될까…자금 몰리는 채권형 펀드 [투자의 재발견],https://n.news.naver.com/mnews/article/215/0001209589,한국경제TV,2025-05-17 09:59:16,"투자의 재발견금리 인하 지연에도 추가 상승은 제한""관세 여파에 금리 인하 요구는 커질 것""증시 변동성 확대구간 채권 투자 전략은제롬 파월 미국 연방준비제도(Fed) 의장이 고금리 장기화 가능성을 내비쳤습니다. 기준금리 인하에 대한 파월 의장의 신중한 태도는 물가 상승에 우려에서 비롯됩니다. 파월 의장은 ""높은 실질 금리는 앞으로 인플레이션의 변동성이 커질 수 있다는 점을 반영한다""고 설명했습니다. 도널드 트럼프 미국 대통령이 연일 연준을 향해 금리 인하를 압박하고 있음에도 연준의 금리 인하 기대 시기는 하반기로 밀리는 모습입니다.금리 인하 기대가 떨어지면서 채권 시장도 즉각 반응하고 있습니다. 미 국채 금리가 다시 상승하면서 미국 2년 만기 국채 금리는 3월 이후, 10년 만기 국채 금리는 한 달만에 최고치를 기록하기도 했습니다. 이에 금리와 반대로 움직이는 채권 가격 특성상 미국채 가격이 3개월 만에 최저 수준으로 떨어진 상태입니다. 이를 반영하듯 연초 이후 RISE미국30년국채액티브가 4.98%, ACE 미국30년국채액티브가 5.74% 하락하는 등 미국 장기채 상장지수펀드(ETF) 수익률은 하락세입니다.금리 인하 시점이 지연되고 있지만 더 이상 상승 여지가 크지 않다는 점에서 미국채에 투자하기 매력적인 시점이라는 평가도 나옵니다. 또 증시의 변동성이 어느때보자 커지면서 상대적으로 채권형 펀드에 대한 수요도 늘어날 거란 전망입니다. 16일 <투자의 재발견>에서는 임재균 KB증권 채권 애널리스트(연구위원)와 정성인 키움투자산운용 ETF사업부장이 출연에 금리 변동성 확대에 다른 채권 투자 전략에 대해 집중 탐구합니다.● 미국채 투자 적기…""금리 인하 요구 커져""임재균 KB증권 연구위원은 지금이 미국채를 매수하기 가장 적절한 시점이라고 강조합니다. 임 연구위원은 ""연준의 금리 인하 기조가 변했다기 보다 속도조절에 나선 것""이라며 ""유예 조치에도 불구하고 미국 관세 정책은 자국의 경제 펀더멘탈의 약세 요인으로 작용하고 있다. 이에 앞으로 시장의 금리 인하 요구가 더 커질 것""이라고 설명했습니다. 연준의 기준금리 인하로 채권 가격이 추후 상승할 여력이 높다는 점에서 현 시점이 미국채를 매수하기 적절한 시기라는 분석입니다.정성인 키움투자자산운용 ETF사업부장은 ""금리 인상이 마무리가 되는 시점부터 채권에 대한 개인투자자들의 관심이 크게 늘어났다""며 ""실제 연초 이후 공모 펀드 유입금 가운데, 주식형 펀드는 금액은 늘어나지 않은 반면, 초단기채권형과 채권형 펀드의 자금 유입이 가장 많았다""고 말했습니다.지난해 말부터 기준금리 인하가 본격 단행됐던 국내에서는 장기 채권형 ETF의 수익률이 가장 높은 것으로 나타납니다. RISE KIS국고채30년Enhanced의 연간 수익률은 20.6%, KIWOOM 국고채30년액티브는 같은 기간 17.6% 수익률을 보였습니다. 이에 대해 임 연구위원은 ""국내 경기가 좋지 않았다 보니 기준금리 인하 기대가 커지며 장기 채권 ETF의 수익률이 높았다""고 분석했습니다.● 변동성 리스크…만기매칭형 채권 ETF 주목채권 투자에 나섰다면 장단기채의 특성도 파악해야 합니다. 채권은 만기가 길수록 목표 수익률이 높지만 변동성도 그만큼 큽니다. 증시 변동성이 커지면서 만기 1년 미만 초단기채에 자금 유입이 늘어난 게 그 이유입니다. 정 사업부장은 ""안정적인 투자 성향이라면 단기물을, 공격적으로 수익률을 추구한다면 장기채를 선호한다""며 ""국고채 30년물은 금리가 1% 움직이면 수익률이 22% 변동되는데, 국고채 1년물은 금리가 1% 움직여도 수익률이 0.8%밖에 변하지 않아 안정성이 있다""고 설명합니다.안정적 투자 성향이라면 만기매칭형 채권 ETF도 주목할 만 합니다. 만기매칭형 채권 ETF는 회사채, 은행채 등 우량한 채권을 담은 상품입니다. 만기가 되면 상장폐지가 돼 약정된 이자와 원금을 돌려주는 구조입니다. 만기매칭형 채권 ETF는 주식처럼 거래가 쉽고, 만기까지 보유시 안정적인 수익을 올릴 수 있는 장점이 있습니다. 이에 임 연구위원 ""만기매칭형 채권 ETF는 다양한 채권을 보유하기 때문에 디폴트 리스크도 적다""고 강조했습니다.※ 한국경제TV는 급변하는 투자환경 속 신뢰할 수 있는 정보와 인사이트가 가득한 고품격 투자 콘텐츠, <투자의 재발견>을 매주 금요일 오후 5시 방송합니다. 전체 내용은 한국경제TV <투자의 재발견> 영상에서 확인할 수 있습니다."
‘한국판 DGRW’…배당과 성장 동시 추구[ETF언박싱],https://n.news.naver.com/mnews/article/018/0006016532,이데일리,2025-05-17 09:30:12,"한투운용 'ACE 미국배당퀄리티' 상장배당성장 가능성 높은 기술주 중심 투자[이데일리 원다연 기자] 배당에 성장을 더한 ‘한국판 DGRW’가 출시됐다. 애플, 엔비디아 등 기술주를 포함한 배당 상장지수펀드(ETF)로 당장의 배당률보단 미래의 배당 성장 가능성에 초점을 맞췄다.17일 한국거래소에 따르면 한국투자신탁운용은 지난 13일 배당 성장주에 투자하는 ‘ACE 미국배당퀄리티’ ETF를 상장했다.ACE 미국배당퀄리티는 미국 위즈덤트리가 운용하는 ‘WisdomTree US Quality Dividend Growth’ ETF(DGRW)의 기초지수를 원화로 환산해 추종하는 월 배당 상품이다.지난 2013년 미국에 상장된 DGRW는 향후 배당 성장 가능성이 높은 기술주 중심 포트폴리오가 특징이다.  배당금을 안정적으로 지급하면서 이익 성장률과 퀄리티가 우수한 약 300개 기업에 투자한다.DGRW의 경우 연간 배당률이 1.79%로 배당 ETF 가운데 상대적으로 높지 않지만, 최근 5년간 총수익률은 101.51%에 달하는 것으로 집계됐다. 이는 미국 대표 배당 ETF인 ‘Schwab US Dividend Equity’(SCHD)의 총수익률 대비 18.72%포인트 높은 수준이다. 같은 기간 변동성 또한 연 14.81%로 SCHD(연 15.86%)에 비해 낮았다. 슈드가 현재의 안정적인 배당 지속성에 집중한다면, DGRW는 미래의 배당 성장 가능성에 집중하는 상품으로 볼 수 있다.이같은 DGRW의 기초지수를 추종하는 ACE 미국배당 퀄리티는 지난 1년간 정기적인 현금 배당이 지급된 기업 가운데 주가 대비 이익률이 배당수익률보다 큰 기업을 유니버스로 두고 △3년 이익성장률 전망치 △과거 3년 평균 자기자본이익률(ROE) △과거 3년 평균 총자산순이익률(ROA) 등 세가지 요건에 대한 가중치를 반영해 선정한 상위 300개 종목에 투자한다. 주요 투자 종목을 보면 마이크로소프트, 액슨 모빌, 애플, 엔비디아, P&G, 필립모리스인터내셔널 등이다.한국투자신탁운용은 ACE 미국배당퀄리티와 함께 DGRW의 운용 전략을 기반으로 채권과 커버드콜 전략을 결합한 시리즈 ETF를 동시 상장했다. ‘ACE 미국배당퀄리티채권혼합50’는 DGRW 운용 전략에 채권을 더해 변동성을 낮추고, ‘ACE 미국배당퀄리티+커버드콜액티브’ ETF는 DGRW 운용 전략과 상관관계가 높은 미국 고배당주와 국내외 커버드콜 ETF에 투자해 보다 높은 분배율을 추구하는 상품이다. 총보수는 모두 연 0.15%다.(이미지=챗GPT 생성)"
‘5조 몸값’ 테일러메이드 매각 재시동…올해 M&A 최대어 될까,https://n.news.naver.com/mnews/article/018/0006016531,이데일리,2025-05-17 09:30:10,"[위클리M&A]이르면 다음달 티저레터 배포 예정‘매각 반대’ F&F 떼고 독자매각 나설 듯센트로이드, 4년 만에 2배 넘는 차익 기대이 기사는 2025년05월17일 07시30분에마켓인 프리미엄 콘텐츠로 선공개 되었습니다.[이데일리 마켓in 허지은 기자] 골프웨어 브랜드 테일러메이드의 매각 작업이 본격 닻을 올렸다. 올해 초 최대주주인 센트로이드인베스트먼트파트너스와 투자자로 펀딩에 참여한 F&F(383220)의 갈등으로 매각이 지연되는 듯 했으나 최근 센트로이드가 투자레터 배포를 준비하며 독자 매각에 속도를 내고 있다. 최대 5조원의 기업가치가 거론되는 테일러메이드 매각이 성사될 경우 올해 최대 규모로 기록될 전망이다.[챗GPT를 활용한 이미지]17일 투자은행(IB) 업계에 따르면 센트로이드는 테일러메이드 매각 주관사인 JP모건과 제프리스와 함께 매각을 위한 관련 작업에 착수했다. 이르면 다음달 티저레터 배포를 시작으로 본격적인 매각 절차를 밟을 것으로 보인다.그간 센트로이드는 테일러메이드 매각과 기업공개(IPO) 등 다양한 엑시트(투자금 회수) 방안을 고민해왔다. 그 결과 경영권 매각이 가장 빠른 회수가 가능하다고 판단했고, 올해 초부터 노선을 매각으로 잡고 제반 작업을 진행해왔다. IPO의 경우 상장 시 밸류에이션(기업가치) 할인, 거시경제 변수 등 불확실성이 크다고 판단한 것으로 알려졌다.센트로이드는 “테일러메이드 매각 주관사인 JP모간 및 제프리스와 기업공개(IPO) 등 다양한 엑시트 시나리오를 검토한 결과 경영권 매각이 가장 우위에 있다”며 “경영권 매각 전략을 채택할 경우 프리미엄을 통한 밸류에이션 극대화, 신속한 매각 진행, 엑시트 확실성 등 다방면에서 수혜가 기대된다”고 밝혔다.매각 측이 희망하는 테일러메이드 몸값은 최대 5조원이다. 지난해 테일러메이드 상각전영업이익(EBITDA) 3100억원에 미국 증시에 상장한 타이틀리스트(아쿠쉬네트·Acushnet)의 지난해말 기준 EV/EBITDA 14.47배를 적용한 규모다. 아쿠쉬네트는 지난해 1년동안 멀티플 13~14배를 유지하다 현재는 13.46배로 뒷걸음질쳤다.센트로이드가 희망 가격에 테일러메이드 매각을 완료할 경우 올해 최대 M&A 기록도 기록할 만하다. 최근 CJ제일제당 바이오사업부, HPSP 등 조(兆) 단위 M&A가 연달아 불발되며 대어급 기업의 씨가 마른 상황에서 모처럼 등장한 대형 거래로 기록될 수 있을 전망이다. 특히 원·달러 환율 상승에 따른 환차익도 기대되는 부분이다.최대주주인 센트로이드 역시 2배 이상의 잭팟이 기대된다. 센트로이드는 2021년 미국 KPS캐피털파트너스로부터 테일러메이드를 17억 달러(약 2조1000억원)에 인수했는데, 4년 만에 2배가 넘는 차익을 기록할지 주목된다. 당시 인수에 활용된 센트로이드제7호바이아웃펀드에 출자한 새마을금고중앙회, 신협중앙회, F&F 등도 쏠쏠한 수익이 기대된다.센트로이드 관계자는 “테일러메이드의 주요 성과 및 향후 계획 등을 종합적으로 관리해 신규 투자자도 납득할 수 있는 성장 스토리를 마련하겠다”며 “동시에 기존 투자자들의 수익률을 극대화 할 수 있는 최적의 전략을 수립하기 위해 총력을 다하겠다”고 밝혔다."
"또 ‘발등 불’ 한진家, 자사주 복지기금에 출연예고…밸류업 계획 ‘머쓱’ [투자360]",https://n.news.naver.com/mnews/article/016/0002472405,헤럴드경제,2025-05-17 09:01:14,"대한항공 B787-10 [대한항공 제공][헤럴드경제=노아름 기자] 호반건설이 다시금 한진칼 지분을 잇달아 매입하면서 경영권 분쟁 가능성이 점화되고 있다. 한진칼 주가는 연이틀 상한가를 기록하다 한차례 급락했다가 다시금 변동폭을 키웠다. 한진그룹은 자사주를 이용해 한진칼 지배력이 확대되는 효과를 봤다. 호반그룹 측은 단순 투자 목적이라고 밝혔지만 시장과 업계에서는 한진칼에 대한 인수·합병(M&A) 가능성 주시하고 있다.17일 금융감독원 전자공시시스템에 따르면 한진그룹 지주사 한진칼은 출연금 1억원과 자사주 44만44주(0.66%)를 한진칼의 사내복지기금에 오는 8월 15일 이내에 출연할 예정이다. 증여가액은 663억7100만원 상당으로, 주당 증여금액은 15만600원(14일 종가)으로 결정됐다.자사주는 의결권이 없다. 하지만 한진칼이 주식을 사내복지기금에 증여하면서 기금소유 주식 전환되며 의결권이 살아나게 된다. 이로 인해 조원태 한진그룹 회장 측 우호지분은 기존 19.96%에서 20.13%로 늘어 호반그룹과 지분 격차가 2.2%포인트로 벌어지게된다.한진그룹은 자사주 출연 배경으로 사내근로복지기금 기본재산 형성을 꼽았다. 이달 초 사내근로복지기금을 설립한데 따른 조치라는 것이다.다만 최근 한진칼 2대주주인 호반건설이 한진칼 주식을 추가 매수한 상황에서, 한진그룹의 자사주 처분 목적성에 다양한 해석 가능성이 열렸다. 호반건설은 지난 12일 한진칼 지분율이 기존 17.44%에서 18.46%로 증가했다고 공시한 바 있다.일각에서는 한진그룹의 행보와 관련해 시대에 역행한다는 지적도 나온다.정부의 기업 밸류업(기업가치제고) 프로그램 도입으로 인해 상장사들은 자사주 매입·소각해오던 추세다. 자사주 소각은 시장에 유통되는 발행주식수를 줄여 주당순이익을 높이는 효과를 내 강력한 주주환원 정책으로 여겨진다.일반적으로 기업은 주가 안정 및 주주가치 제고 목적에서 회사 자산으로 자사주를 매입 후 소각해왔기 때문에 이와 다른 자사주 활용은 총수일가의 사익편취 수단으로 읽히기도 한다.실제로 지주사가 자사주를 재단법인에 출연하는 행위는 행동주의펀드의 단골 공격 포인트이기도 했다. 이들은 경영권 방어를 위한 자사주 처분은 ‘꼼수’에 불과하며 주주가치를 훼손하는 일이라 문제제기해왔다.행동주의펀드 플래시라이트캐피털파트너스(FCP)는 KT&G가 산하 재단 및 사내복지근로기금에 자사주 1085만주를 무상 또는 저가로 기부해 회사에 1조원에 이르는 손해를 끼쳤다고 주장했다. 지난해 1월 FCP는 KT&G 사내외이사들에게 자사주 처분 관련 책임을 물으려는 행보를 본격화했었다.이외에도 HL홀딩스는 지난해 연말 재단법인에 자사주를 무상 출연하려다가, 이는 일반주주의 이익을 침해하는 행위라는 지적에 관련 계획을 철회했다. 당시 한국기업거버넌스포럼은 논평을 통해 “주주 승인 없이 자사주를 무상 출연하는 행위는 사실상 공짜 신주 발행”이라며 “일부 상장사들이 ‘사회 환원’이라는 명분에 따라 재단에 자사주 무상증여라는 방법을 통해 우호지분 확보를 꾀하고 있다는 합리적 의심이 나온다”고 비판했다.물론 한진칼은 주당 출연금액을 이사회 결의 전일 종가로 결정하는 등 시장가와 현저하게 다른 저가를 택하지는 않았다. 자사주를 무상 제공하려던 HL홀딩스와는 다르다는 지적도 나온다. 다만 적극적 주주환원 정책을 통해 한진칼 밸류업을 실현하겠다던 회사 청사진이 무색해졌다는 시선은 여전히 존재한다.한진칼은 지난 2월 기업가치제고계획 자율공시를 통해 ▷PBR 1배 이상 유지 ▷조정 당기순이익 50% 배당 ▷지배구조 핵심지표 준수율 70%+ 등을 제시하며 “지주사 펀더멘털 강화와 적극적 주주환원 정책을 통해 한진칼 밸류업 실현” 목표를 밝혔다."
달바글로벌 등 4개사 내주 상장…키스트론 청약[IPO챗],https://n.news.naver.com/mnews/article/001/0015394075,연합뉴스,2025-05-17 09:00:05,"달바의 퍼스트 스프레이 세럼달바글로벌의 주력 상품인 달바 퍼스트 스프레이 세럼 [달바글로벌 제공](서울=연합뉴스) 임은진 기자 = 다음 주(19∼23일)에는 달바글로벌 등 4개 기업이 상장한다.17일 금융투자업계에 따르면 뷰티 브랜드 '달바'로 유명한 달바글로벌이 오는 22일 유가증권시장에 상장한다.달바는 이탈리아 화이트 트러플을 주재료로 한 프리미엄 비건 스킨케어 브랜드를 표방한다.'승무원 미스트'로 불리는 퍼스트 스프레이 세럼을 비롯해 톤업 선크림, 더블 크림 등이 주력 제품이다.달바글로벌은 이번 상장을 계기로 북미·유럽·일본 등 선진국 시장의 공략을 강화하고 인도·중동·중남미 등 신흥 시장에서 온라인 판매망을 통해 침투율을 높일 계획이다.아울러 이뮨온시아(19일), 바이오비쥬(20일), 인투셀(23일) 등 3곳이 코스닥시장에 상장한다.2016년 유한양행과 미국 소렌토 테라퓨틱스가 합작 설립한 이뮨온시아는 면역 세포인 T세포, 대식세포를 타깃으로 하는 면역 항암제를 주력으로 개발하고 있다.바이오비쥬는 2018년 설립된 기업으로 스킨부스터, 히알루론산(HA) 필러 등 다양한 메디컬 에스테틱 제품을 자체적으로 개발, 생산, 판매하고 있다.인투셀은 항체·약물 접합체(ADC) 플랫폼 연구개발(R&D) 기업으로 2015년 설립됐다. ADC는 암세포를 탐색하는 항체와 암세포를 파괴하는 페이로드가 연결체인 링커를 통해 화학적으로 결합한 형태의 차세대 항암제다.이와 함께 키스트론은 22∼23일 일반 투자자를 대상으로 공모주 청약을 받는다. 키스트론은 1992년에 설립된 고려제강 그룹의 계열 회사로, 와이어 제조와 태양광 발전 및 임대 사업을 영위 중이다.GC지놈(19∼23일)과 싸이닉솔루션(22∼28일)은 기관 투자자를 대상으로 수요 예측을 진행해 공모가를 최종 확정한다.2013년 GC녹십자의 자회사로 설립된 GC지놈은 임상 유전체 분석 전문 기업으로, 건강검진 검사와 산전·신생아 검사, 암 정밀 진단 검사, 유전희귀질환 정밀진단 검사 300종 이상의 다양한 유전자 검사 서비스를 제공하고 있다.싸이닉솔루션은 2005년 설립된 시스템반도체 디자인 설루션 기업으로, 시스템반도체 설계 기업(팹리스)과 위탁 생산 기업(파운드리) 간 가교 역할을 하고 있다.다음은 다음 주 기업공개(IPO) 일정.상장▲ 이뮨온시아, 19일, 코스닥▲ 바이오비쥬, 20일, 코스닥▲ 달바글로벌, 22일, 코스피▲ 인투셀, 23일, 코스닥일반 청약▲ 키스트론, 22∼23일, 희망 공모가 3천100∼3천600원수요 예측▲ GC지놈, 19∼23일, 희망 공모가 9천∼1만500원▲ 싸이닉솔루션, 22∼28일, 희망 공모가 4천300∼5천100원engine@yna.co.kr"
"'황제주' 등극한 삼양식품, 증권가 목표가 상향 러시",https://n.news.naver.com/mnews/article/003/0013247464,뉴시스,2025-05-17 09:00:00,"주가 117만원 돌파…'황제주' 반열 올라증권사 15곳 목표가 상향, 최대 170만원밀양 2공장 가동 임박…수출 확대 기대감 고조[서울=뉴시스] 정병혁 기자 = 5일 서울시내 대형마트에 K-푸드로 인기를 끌고있는 불닭볶음면 진열칸이 비어있다. 최근 10년간 라면·건강식품을 중심으로 K-푸드 수출이 크게 늘어난 것으로 나타났다.  '10년간 K-푸드 수출 동향과 시사점' 보고서에 따르면 한류 확산 등으로 K-푸드 수출액은 2015년 35억1000만 달러에서 지난해 70억2000만 달러로 증가했다. 품목군별로 보면 '라면'이 13억6000만 달러로 1위를 차지했으며, '간편식' 9억8000만 달러, '음료' 9억4000만 달러, '건강식품' 8억2000만 달러, '조미료' 6억5000만 달러 등의 순으로 수출이 많았다. 2025.03.05. jhope@newsis.com[서울=뉴시스] 배요한 기자 = 삼양식품이 주가 100만원을 돌파하며 ‘황제주’ 반열에 올랐다. '불닭 시리즈' 수출 호조와 해외 시장 확대 기대에 따른 긍정론이 확산되면서, 주가가 어디까지 오를지 주목된다. 증권가도 삼양식품의 목표주가를 앞다퉈 상향 조정하며 눈높이를 올려잡고 있다.17일 한국거래소에 따르면 전날 삼양식품은 전 거래일 대비 18.37%(18만2000원) 급등한 117만3000원에 거래를 마쳤다. 장중에는 123만5000원까지 오르며 사상 최고가를 경신했다.이날 주가 급등은 1분기 깜짝 실적의 영향이다. 삼양식품은 1분기 매출액과 영업이익이 각각 5290억원, 1340억원으로 전년 동기 대비 37.2%, 67.2% 증가했다고 밝혔다. 이는 시장 컨센서스(증권사 평균 전망치)인 매출 4982억원, 영업이익 1045억원을 각각 5.8%, 28.2% 웃돈 수치다. 삼양식품의 1분기 영업이익률은 처음으로 25%를 상회했다. 밀가루·전분 등 주요 원가의 안정세가 수익성 개선에 기여했다.실적 발표 이후 증권가에서는 목표주가를 잇달아 상향 조정하고 있다. 전날 하루 동안에만 무려 15개 증권사가 삼양식품의 목표가를 올렸고, 이중 한화투자증권이 170만원을 제시해 가장 높았다.한유정 한화투자증권 연구원은 ""2분기에도 사상 최대 실적 경신이 이어질 전망""이라며 ""매출은 전년 동기 대비 38% 증가한 5861억원, 영업이익은 63% 늘어난 1458억원으로 예상된다""고 밝혔다. 이어 ""1분기에 반영될 예정이던 미국향 수출 일부가 선적 지연으로 이연되면서, 2분기 실적에 반영될 것""이라고 전망했다. 한 연구원은 삼양식품의 목표가를 120만원에서 170만원으로 올려잡았다.관세청에 따르면 4월 라면 수출액은 전년 동월 대비 24.5% 증가한 1억3514만달러(약 1885억원)로 견조한 성장세를 이어가고 있다. 특히 환율 효과가 지속되면서 향후 수출 실적에도 긍정적인 영향을 미칠 것으로 전망된다.한 연구원은 삼양식품에 대해 ""생산 효율 개선과 라인 조정으로 생산량 증가세가 이어지고 있으며, 미국 크로거, 캐나다·멕시코 코스트코, 프랑스·이탈리아 메인스트림 유통망 입점이 증설 효과와 맞물려 성장을 가속화할 것""이라며 ""3분기와 4분기 영업이익은 각각 전년 동기 대비 72%, 91% 증가할 것""이라고 분석했다.삼양식품은 생산능력 확대에 따른 실적 개선 기대감도 커지고 있다. 밀양 제2공장은 현재 시생산에 돌입했으며, 오는 7월부터 상업 생산을 시작할 예정이다.김태현 IBK투자증권 연구원은 ""밀양 2공장은 기존 대비 약 40% 확대된 연간 6억9000만개의 생산능력을 갖추게 되며, 미국과 유럽향 고단가 제품 위주로 생산이 이뤄질 계획""이라며 ""매출 기준으로는 60% 이상 기여할 수 있을 것""이라고 분석했다. 김 연구원은 삼양식품의 목표가를 기존 108만원에서 145만원으로 상향했다.권유정 교보증권 연구원은 ""현재 미국, 중국, 유럽 등 글로벌 전 지역에서 삼양식품은 공급 부족 현상을 겪고 있다""며 ""이로 인해 지역별로 물량을 유동적으로 배분하는 '돌려막기식' 공급이 지속되고 있다""고 진단했다.이어 ""밀양 제2공장은 7월부터 본격 생산에 돌입할 예정이며, 회사의 내부 목표는 연말까지 풀 캐파(생산능력) 달성인 것으로 파악된다""며 ""글로벌 수요 대비 공급이 여전히 부족한 점을 고려하면 충분히 달성 가능한 목표""라고 판단했다．"
"엔비디아, 중동발 훈풍에 시총 '쑥'…1위 탈환 코앞",https://n.news.naver.com/mnews/article/018/0006016506,이데일리,2025-05-17 08:02:19,"[주목!e해외주식] NVIDIA사우디·UAE향 AI 반도체 수출 급증 기대일주일새 주가 16% 급등…美 시총 1위 넘봐[이데일리 신하연 기자] 미국 반도체 대장주 엔비디아(티커명 NVDA)가 다시 한 번 시가총액 3조달러 고지를 넘어 미국 시총 1위를 다시 노리고 있다. 도널드 트럼프 대통령의 중동 순방을 계기로 사우디아라비아와 아랍에미리트(UAE)가 미국 데이터센터 등에 대한 대규모 투자를 약속하면서 투자심리가 개선된 영향이다. 엔비디아 주가는 한 주간 15% 가까이 급등하며 지난 2월(20일, 140.10달러) 이후 가장 높은 수준으로 치솟았다.(사진=로이터통신)트럼프 대통령은 이번 순방에서 무함마드 빈 살만 사우디 왕세자, 무함마드 빈 자예드 알 나하얀 UAE 대통령 등과 잇달아 정상회담을 가졌다.이번 회담을 통해 사우디는 미국에 6000억 달러(약 850조5000억 \원)를 투자하기로 약속했는데, 여기에는 방산 장비와 항공기, 가스 터빈 등 전통 산업 외에도 인공지능(AI), 데이터센터 등 기술 인프라 분야가 다수 포함됐다.특히 엔비디아는 지난 13일(이하 현지시간) 사우디 국부펀드 산하 AI 기업 ‘휴메인(Humane)’과의 파트너십을 통해 500메가와트(MW)급 AI 데이터센터 구축에 참여할 예정이며, 이를 위해 1만8000개에 달하는 AI 칩을 공급한다고 밝혔다. 이 기업은 장기적으로 수십만 개의 엔비디아 그래픽처리장치(GPU)를 도입할 계획이어서 엔비디아가 공급하는 AI 칩이 크게 늘어날 전망이다. 당일 뉴욕 증시에서 엔비디아 주가는 5% 이상 급등했다.이후 UAE 정부도 15일 약 2000억 달러(약 280조원) 규모의 경제 협력 및 투자 계약에 합의했다. 이 역시 양국 간 AI 협력 확대 방안이 포함됐으며, 미국 내 데이터 센터에 대한 투자 약속과 함께 AI 기술 협력 강화를 위한 공동 선언도 이뤄졌다.로이터통신에 따르면 이를 통해 UAE는 미국 반도체 기업 엔비디아로부터 첨단 AI 칩을 연간 최대 50만개까지 수입할 수 있게 된다. 트럼프 대통령은 또 “UAE와 AI 프로젝트를 함께 하는 것은 특별하다”며 순방에 동행한 젠슨 황 엔비디아 최고경영자(CEO)를 불러 무함마드 대통령과 함께 수 분간 대화하기도 했다.16일 종가 기준 엔비디아 주가는 135.4달러다. 중동발 수출 확대 기대가 반영되며 지난 한 주 동안에만 16% 급등했다. 시총 기준으로는 3조 3000억달러로, 애플(3조 1600억달러)을 제치고 마이크로소프트(3조 3800억달러)를 바짝 뒤쫓으며 다시 미국 1위 자리를 넘보고 있다.엔비디아 주가는 지난 1월 153달러대까지 오르며 사상 최고가를 기록한 뒤 조정을 받아왔다. 최근의 강세에도 아직 연초 이후 수익률은 강보합 수준에 그치고, 6개월 전과 비교하면 3%대 내린 수준이다.중동 시장이라는 새로운 수요처가 확보된 만큼, 시장에서는 엔비디아의 이번 반등세가 실적 개선과 맞물려 당분간 이어질지 주목하고 있다.월가에서는 낙관론을 내놓고 있다. 뱅크오브아메리카(BofA)는 도널드 트럼프 미국 대통령의 사우디 방문 중 체결된 인공지능(AI) 관련 대형 계약과 관련해 엔비디아 목표주가를 기존 150달러에서 160달러로 상향 조정했다.비벡 아리야 BofA 애널리스트는 보고서에서 “엔비디아와 AMD가 계약을 체결한 사우디 프로젝트 규모는 연간 30억~50억 달러”라며 “수년에 걸쳐 총규모는 150억~200억 달러 수준이 될 것”으로 전망했다.투자은행(IB) UBS도 이달 28일로 예정된 2026 회계연도 1분기 실적에 대해 “가이던스보다 약간 상회할 것으로 예상하며, 이는 규제 및 공급망 문제로 인한 단기 성장에 대한 투자자들의 우려를 완화하는 데 도움이 될 것”이라고 진단했다.또 AI 인프라 수요 증가와 함께 엔비디아의 데이터센터 부문 매출 성장세 지속이 예상된다고도 전망했다. 다만, 일부 단기적인 수익성 압박 요인을 반영해 목표주가는 180달러에서 175달러로 소폭 하향했다.앞서 모건스탠리도 AI 투자 둔화 우려는 과도하며, 엔비디아의 GPU 수요는 지속적으로 강력하다는 평가를 내놓은 바 있다."
韓에만 없는 단일종목 레버리지 ETF…투자자 보호 vs 시장 통제[왓츠 유어 ETF],https://n.news.naver.com/mnews/article/018/0006016501,이데일리,2025-05-17 08:01:15,"삼전 레버리지·인버스 ETF 홍콩 상장고객 니즈 있는데, 규제에 가로 막혀고속 성장 ETF 시장, 규제 일변도 고민해야[이데일리 이용성 기자]“한국인 투자자들이 주요 타깃입니다”홍콩 운용업계 2위인 CSOP의 고위 관계자는 최근 홍콩 증시에 삼성전자(005930) 싱글 종목으로 구성된 레버리지·인버스 ETF를 내놓으면서 이같이 말했습니다. 국내 증시와 운영 시간이 겹치는 홍콩 시장에 개인 투자자들이 가장 사랑하는 종목 중 하나인 삼성전자 단일종목 ETF를 상장함으로써 자유로운 투자 기회를 제공한 셈입니다.위 사진은 기사와 관련 없음.(사진=챗GPT)‘레버리지의 민족’…美 ETF 시장 장악해외 자산운용사들이 이처럼 한국 투자자에 주목하는 이유는 단순합니다. 레버리지·인버스 ETF에 대한 이례적인 관심과 참여도 때문입니다. 우리나라 투자자들이 레버리지·인버스 ETF를 좋아하는 민족이라는 평가가 주를 이룹니다. 지난 3월 미국에서 1600조원 규모의 자금을 굴리는 자산운용사 ‘아카디안’의 오웬 A. 라몬트 수석부사장이 주주들에 보낸 서한이 대표적인 예시입니다. 그는 최근 단일 종목 레버리지 ETF 등에 자금이 대거 유입되는 이유는 한국 투자자들 때문이라고 지적했습니다.올해 1월 아이온큐 3배 ETP가 청산되면서 서학 개미들 사이에서 곡소리가 났던 적이 있습니다. 그 이후 지난 3월 한국은행이 “리스크 추구 성향이 과도하다”며 단일 종목 레버리지 ETF 투자 등에 대해 경고했지만, 투자 양상은 크게 달라지지 않았습니다. 실제 예탁결제원에 따르면 미국 증시가 무너진 지난 한 달간 서학개미(해외 증시에 투자하는 국내 투자자)들은 테슬라 2배 래버리지 ETF를 1억 8595만 달러 규모로 사들였습니다. 테슬라 주가 일일 변동률의 2배를 추종하는 TSLL의 한국 투자자 지분은 약 13억 달러로 전체 비중의 40.5% 수준입니다.이렇듯 국내 투자자들은 싱글 종목 레버리지 ETF 투자에 서슴지 않지만, 국내 증시에는 이러한 상품을 찾아볼 수 없습니다. 규제에 가로막혀 있기 때문입니다. ETF는 주식형의 경우 10종목 이상, 채권은 3종목 이상 담도록 명시돼 있습니다. 종목당 비중이 30%를 넘어도 안됩니다. 따라서 단일 종목 기반의 레버리지 ETF는 원천적으로 불가능한 구조입니다.규제에 발이 묶이다 보니 운용사들은 고객 니즈를 충족하기 위해 우회적인 방식을 사용할 수밖에 없습니다. 일례로 한국투자신탁운용은 ‘ACE 테슬라 밸류체인 액티브’를 지난 2023년 출시했는데, 테슬라 2배 레버리지 ETF인 TSLL(20.77%), TSLT(6.40%), TSLR(5.34%)를 비롯해 테슬라(15.18%)를 바스켓에 담았습니다.투자자 보호 vs 시장 자율…ETF 시장 방향 논의해야당국이 이를 규제하는 이유는 여러 가지가 있지만, 표면으로 드러난 가장 큰 이유 중 하나는 ‘투자자 보호’입니다. 고위험, 고변동 상품을 일반 투자자들이 너무 쉽게 접근할 수 있다는 점이 우려된다는 것입니다. 따라서 단일 종목 레버리지나 인버스 등과 같은 성격의 상품을 투자하고 싶으면, 일반 투자자가 접근하기 어려운 파생상품을 활용해서 거래하라는 입장입니다.또한, ‘투자자 보호’ 이외에 이유로 펀드의 본질을 떠올리고 있습니다. 투자자들의 돈을 모아 다양한 자산의 분산 투자해 리스크를 낮추는 것이 펀드 본연의 역할인데, 싱글 종목 레버리지 상장지수 ‘펀드’가 그 본질과 목적 등에 부합하느냐에 대해 의문부호를 제기합니다.다른 한쪽에서는 코로나19 이후 시장에 대거 뛰어든 개인 투자자들이 다양한 정보와 데이터를 학습했고, 투자 역량이 높아지고 있는 만큼 미국 등 글로벌 시장처럼 시장의 자율성을 강조할 시기가 왔다는 의견이 나옵니다. 개인 투자자들 입장에서도 선택지가 많으면 많을수록 좋습니다.ETF 본연의 역할과 관련해서도 지나치게 좁은 관점에 바라봤다는 반론도 존재합니다. 투자자가 원하는 자산에 손쉽게 접근할 수 있도록 돕는 금융 수단을 고민하는데에서 ETF가 시작했다는 점을 생각해보면, ‘다양한 자산에 분산 투자해 리스크를 낮추는 것이 ETF의 역할’이라는 주장은 다소 협소한 정의이기 때문입니다.우리나라 ETF시장 규모는 불과 5년 만해도 52조원 수준이었지만, 코로나 이후 시장이 급속도로 팽창하면서 12월 말 기준 △2021년 73조원 △2022년 78조원 △2023년 121조원으로 고성장하고 있습니다. 전날 기준 200조원 시장을 바라보고 있습니다. 규제는 여전히 과거에 머물러 있습니다. 이 시장을 어떻게 바라보고 다듬어갈 것인지 시장 참여자 모두가 고민해야 할 시기가 왔습니다."
비트코인이 디지털 金? ‘글쎄’…나스닥 잘나가니 다시 ‘커플링’ [투자360],https://n.news.naver.com/mnews/article/016/0002472392,헤럴드경제,2025-05-17 08:01:09,"[게티이미지 뱅크][헤럴드경제=신주희 기자] 한때 ‘디지털 금’으로 불리며 안전자산과 유사한 흐름을 보였던 비트코인이 다시 위험자산인 주가지수와 높은 동조화를 나타내고 있다. 미·중 무역 협상 진전 등으로 미국 증시가 반등하면서 비트코인과 나스닥100 지수 간 상관관계가 다시 강화되는 추세다.17일 헤럴드경제가 지난해 12월부터 이달까지 비트코인과 나스닥 그리고 금 현물 시세의 상관계수를 각각 분석한 결과, 이달 들어 나스닥100과 비트코인의 상관계수는 0.72로 전달(0.58)대비 급등했다. 상관관계가 양수이면 두 자산 가격은 같은 방향으로, 음수이면 반대로 움직인다. 나스닥100이 오름폭을 보인 가운데 비트코인 가격도 급등한 것이다.비트코인과 나스닥100의 상관계수는 ▷1월 0.89 ▷2월 0.74 ▷3월 0.80 등으로 올 1분기 내내 높은 수준을 유지해 왔다. 일반적으로 비트코인은 나스닥100과 0.6~0.8 수준의 동조화를 보이는 것으로 분석된다.그러나 지난달에는 도널드 트럼프 전 대통령의 대중 관세 발언으로 미국 증시가 급락하면서, 비트코인과 주가지수 간 디커플링(탈동조화) 현상이 나타났다. 당시 달러화에 대한 신뢰 하락으로 금과 비트코인 등 대체 자산에 대한 선호가 강해졌고 이 과정에서 비트코인은 안전자산인 금과 유사한 흐름을 보였다.실제로 지난달 금 현물과 비트코인의 상관계수는 0.74로 집계됐다. 주가가 하락하는 와중에도 금과 비트코인 가격이 동반 상승하면서 비트코인이 ‘디지털 금’이라는 별명을 얻었다. 여기에 비트코인 현물 상장지수펀드(ETF)가 승인된 뒤부터는 ‘디지털 금’이라는 인식이 자산 시장에 확산하기 시작했다.다만 이 같은 흐름은 오래가지 않았다. 이달 들어 금과 비트코인의 상관계수는 -0.45로 전환되며 두 자산 가격이 정반대 방향으로 움직이고 있다. 미국과 중국의 무역 협상 진전으로 관세 리스크가 완화되고 증시가 안정세를 보이자 금에 대한 투자 수요는 줄어들었다. 한때 온스당 3400달러까지 상승했던 금값은 최근 3200달러선까지 하락했다.반면, 비트코인은 상승세를 이어가며 이달 8일 기준 10만3000달러를 돌파했다. 일각에서는 비트코인이 금과의 동조화 흐름을 보이며 ‘디지털 안전자산’으로 재평가되는가 했지만 자산 성격이 다시 불확실해졌다는 지적도 나오고 있다.비트코인과 금 현물 상관계수는 지난 1월 0.71 ▷2월 -0.11 ▷3월 -0.1로 나타났다. 특정 시기에는 강한 양의 상관관계를 보였다가도 자산 가치가 반대로 움직이는 등 예측 하기 힘든 상관관계를 보이고 있다. 이 때문에 투자 업계에서는 비트코인이 안전자산, 위험자산 특성을 동시에 가지고 있다고 분석한다.글로벌 자산 운용사 피델리티의 글로벌 매크로 책임자 유리엔 티머는 “비트코인이 금과 투기자산의 이중적 성격을 지닌다”고 분석하며 “시장 상황에 따라 역할이 달라질 수 있다”고 말했다. 그러면서 “비트코인이 글로벌 유동성과 증시 성장에 민감하게 반응한다”고 덧붙였다."
"올 들어서만 67% '껑충'…'관세 무풍' 엔터주, 신바람 내는 비결",https://n.news.naver.com/mnews/article/008/0005195356,머니투데이,2025-05-17 08:00:00,"엔터주 주가 추이./그래픽=김지영 디자인 기자연초부터 관세 무풍지대로 주가 강세를 보인 엔터주가 상승세를 이어간다. 중국의 한한령 해제 기대감에 더해 1분기에 이어 2분기도 긍정적인 실적이 전망돼서다. 최근에는 MD(상품) 부문 매출이 엔터주 실적에 기여하는 핵심 요인으로 꼽히고 있다.17일 한국거래소 코스피 시장에서 SM엔터테인먼트(에스엠)는 전일 대비 800원(0.66%) 내린 11만9700원에 거래를 마쳤다. YG엔터테인먼트(와이지엔터테인먼트)는 800원(1.06%) 내린 7만4500원, JYP엔터테인먼트(JYP Ent.)는 200원(0.27%) 내린 7만3800원에 마감했다. 올해 들어 엔터 3사 주가는 높은 상승률을 보인다. SM엔터는 67%대, YG엔터는 66%대, JYP엔터는 9%대 상승했다.엔터 업종은 대표적인 관세 무풍지대로 꼽혔다. 이에 더해 연초부터 중국 내에서 한한령 해제 가능성이 불거지며 기대감이 커지고 있다.최근에는 MD 부문이 실적에 기여하는 주요 요인으로 꼽힌다. YG엔터 1분기 연결 매출액은 전년 동기 대비 14% 증가한 1002억원, 영업이익은 흑자 전환해 95억원을 기록했다. 이중 MD 부문 매출액은 전년 동기 대비(160억원) 59% 상승한 260억원을 기록했다.SM엔터 실적에서도 MD 부문의 성장세가 주목된다. SM엔터의 1분기 연결 매출액은 전년 동기 대비 5% 증가한 2314억원, 영업이익은 같은 기간 274% 증가한 326억원으로 집계됐다. MD 부문 매출액은 같은 기간 9% 증가한 394억원을 기록하는 등 안정적인 성장세를 보인다.이화정 NH투자증권 연구원은 ""SM엔터는 팝업스토어, 브랜드 협업, 글로벌 확장 등 다변화된 MD 사업 전략을 가지고 있어 MD를 발판으로 한 실적 성장 가능성이 유의미하다""고 짚었다.주요 아티스트 활동 공백으로 부진한 실적을 보인 JYP엔터도 MD 부문은 매출은 성장했다. JYP엔터의 1분기 매출액은 전년 동기 대비 3% 증가한 1408억원, 영업이익은 같은 기간 41% 감소한 196억원을 기록했다. 그럼에도 MD 부문 매출은 전년 동기(239억원) 대비 37% 증가한 327억원으로 늘었다.임수진 대신증권 연구원은 ""일본 공연에서의 MD 판매가 매출 호조에 기여했다""며 ""팬덤 수요가 높은 캐릭터 MD 강화 및 상품 카테고리 확대 등 MD 전략 구조 개편이 이뤄지고 있어 향후 JYP엔터 실적 개선의 핵심 포인트로 판단된다""고 했다.올해 실적 성장 기대감이 커지며 증권가에서는 2분기 실적 발표 이전 엔터주 비중을 늘려도 된다고 보고 있다. 박수영 한화투자증권 연구원은 ""하반기 엔터 업종의 비중 확대를 추천한다""며 ""올해 실적 및 주가의 핵심은 공연 원가 통제와 함께 MD 이익 기여가 될 것""이라고 내다봤다."
"""달러 환차손 못참아"" 서학개미 미국증시 이탈 가속화[머니플로우]",https://n.news.naver.com/mnews/article/001/0015394034,연합뉴스,2025-05-17 08:00:00,"미국주식 한주간 1조원 순매도…원달러 환율 급락에 3주째 '팔자' 이어가파킹자금 MMF 잔고 230조원 돌파 '역대 최대'…예탁금 제자리·신용잔고 늘어미국 달러[촬영 황광모](서울=연합뉴스) 임은진 기자 = 미국 증시의 반등에도 원/달러 환율이 1,300원대로 내려서며 달러 약세가 지속되자, 국내 투자자들이 미국 주식에 투자했던 자금을 회수하고 있는 것으로 나타났다.17일 한국예탁결제원과 연합인포맥스에 따르면 최근 일주일(9∼15일) 동안 국내 투자자는 미국 주식을 7억4천992만달러(약 1조440억원) 순매도 결제했다.1주 전(2∼8일) 9천762만달러(1천359억원), 2주 전(4월25일∼5월1일) 4억747만달러(5천674억원) 순매도 결제한 데 이어 3주째 순매도를 지속했으며 매도세는 한층 더 거세졌다.국내 투자자가 최근 한주간 가장 많이 판 미국 주식은 필라델피아 반도체 지수를 3배로 추종하는 상장지수펀드(ETF)인 '디렉시온 데일리 반도체 불 3X SHS ETF'로 4억3천525만달러(6천100억원)를 순매도 결제했으며, 엔비디아(1억5천288만달러·2천143억원), 팔란티어(1억4천83만달러·1천974억원) 등이 뒤를 이었다.미국 트럼프 행정부의 관세 폭탄 여파로 급락세 보이던 미국 증시는 최근 미중 관세전쟁이 휴전 모드에 들어가면서 낙폭을 대부분 만회했다.스탠더드앤드푸어스(S&P) 500지수는 지난달 저점 대비 20%가량 반등해 연초 이후 수익률이 플러스(+)로 돌아섰다.급락장에서도 미국 주식 매수를 멈추지 않던 국내 투자자들은 오히려 미국 증시가 반등하자 순매도로 전환했다.이는 무엇보다 미중 관세 협상 타결로 대만달러와 위안화 등 아시아 통화가 강세를 보이면서 원화 가치가 급등한 영향으로 풀이된다.미국 주식 가격이 올라도 원/달러 환율이 큰 폭으로 떨어지면 환차손이 발생해 투자수익률을 악화시킬 수 있기 때문이다.원/달러 환율은 미국 상호관세가 발효된 지난달 9일 글로벌 금융위기 이후 16년여 만에 최고 수준인 1,484.10까지 치솟았던 것이, 한달여 만인 지난 16일 주간 거래 종가 기준 1,389.55원으로 6.4% 급락했다.시장에서는 미국이 무역수지 적자 개선을 위해 아시아 통화의 절상을 추진할 수 있다는 전망 속에 원/달러 환율이 1,300원대 중반까지 하락할 수 있다는 관측이 나온다.김호정 유안타증권 이코노미스트는 ""연초 이후 달러 약세에도 1,420∼1,450원대의 높은 레벨에서 등락하던 원 달러 환율은 지난 5월 5일 대만 달러화와 위안화 등 주요 아시아 통화 가치 급등에 연동해 한때 1,362원까지 급락했다""고 전했다.그는 ""수입 업체의 결제 수요, 내국인의 해외 투자 환전 수요 등 달러 실수요뿐 아니라 가수요가 원/달러 환율의 하단을 지지하고 있지만 방향성 측면에서는 추세 하락으로 전환의 분기점에 도달한 것으로 판단한다""고 진단했다.특히 ""원화의 주된 약세 요인으로 지목받아온 정치적 불확실성이 극단치에서 낮아지고 있으며 조기 대선 이후의 경제 정책 수립과 정치적 안정에 대한 시장의 기대가 유입될 가능성이 있다""며 ""무역 협상 및 대내외 환경 측면에서 미·중 무역 협상과 합의는 과거나 최근 흐름과 같이 위안화 강세로 연결될 수 있기 때문으로, 이 경우 원화도 동반 강세로 반응할 것""이라고 말했다.그러나 미국 증시에서 회수된 자금이 국내 증시로 유턴하는 것으로 보이진 않는다.국내 투자자들의 미국 주식 순매도가 뚜렷해진 이달 들어 개인 투자자는 코스피·코스닥 시장에서 2조원어치 이상의 주식을 순매도했으며, 기관은 6천억원, 외국인은 1조3천억원 순매수했다.이런 가운데 금융시장의 불확실성으로 인해 마땅한 투자처를 정하지 못한 대기성 자금의 피신처인 머니마켓펀드(MMF) 잔고는 꾸준히 늘고 있다.금융투자협회는 15일 현재 MMF 설정액은 230조319억원으로 사상 처음 230조원을 돌파했다고 밝혔다.증시 대기자금인 투자자 예탁금은 15일 기준 56조5천186억원으로 한주 전(56조4천364억원)과 큰 차이가 없었다.신용거래융자 잔고는 17조8천53억원으로 일주일 전(17조5천153억원) 대비 2천900억원 늘어난 것으로 파악됐다.engine@yna.co.kr"
"6년 만의 실적 감소…닌텐도, ‘스위치2’로 V자 회복 성공할까",https://n.news.naver.com/mnews/article/018/0006016493,이데일리,2025-05-17 07:30:11,"[주목!e해외주식] 日 닌텐도2025회계연도 영업이익 전년 대비 46.6% 줄어내달 5일 ‘스위치2’ 출시…연 1500만대 판매 예상“전작 대비 향상된 성능…판매 목표치 웃돌 전망”[이데일리 박순엽 기자] 일본 게임기·소프트웨어 기업 닌텐도가 6년 만에 실적 성장세를 멈췄으나 주가는 오름세를 나타내고 있다. 다음 달 5일 ‘닌텐도 스위치 2’ 출시를 앞두고 재차 실적이 반등하리란 기대감에서다.17일 엠피닥터에 따르면 지난 16일(현지시간) 닌텐도는 전 거래일 대비 195엔(1.70%) 오른 1만 1640엔에 거래를 마쳤다. 이달 초 기록한 1만 2540엔보다는 소폭 하락했으나 한 달 전 주가였던 1만 305엔과 비교하면 13% 가까이 오른 수준이다.(사진=한국닌텐도 홈페이지 갈무리)닌텐도는 2025회계연도에 하드웨어 판매 감소와 모바일 IP(지적재산권) 매출 저하 등의 영향에 매출액이 전년 대비 30.3% 감소한 1조 1649억엔, 같은 기간 영업이익이 46.6% 줄어든 2825억엔을 기록했다. 영업이익률도 7.3%포인트 줄었다.닌텐도 스위치 1세대 출시 8년 차인 만큼 하드웨어 판매 대수는 전년 대비 31.2% 감소한 1080만대, 같은 기간 소프트웨어 판매 대수는 22.2% 줄어든 1억 5541만대로 집계됐다. 이는 닌텐도 스위치 1세대의 마지막 회계연도 기록으로, 실적 성장세는 6년 만에 꺾였다.그러나 닌텐도는 ‘스위치 2’ 출시를 기점으로 실적이 반등하리라고 봤다. 스위치 2 하드웨어 1500만대와 소프트웨어 4500만대를 판매하면서 2026회계연도 매출액은 전년 대비 63.1% 증가한 1조 9000억엔, 영업이익은 13.3% 늘어난 3200억엔을 기록하리라는 전망을 제시했다.강석오 신한투자증권 연구원은 “공급 여력은 충분하나, 보수적인 수요 예측과 미국 관세 이슈가 반영된 가이던스로 판단한다”며 “미국에서 449.99달러의 고가에도 1시간 만에 사전예약 매진됐고, 일본 내 예약신청은 220만건을 기록했다”고 설명했다.이에 증권가에선 폭발적 초기 수요와 중장기 판매 모멘텀 확보로 충분히 목표치를 웃도는 성과를 거두리라고 전망했다. 스위치 1이 출시 8년 차인데도 2025회계연도 4분기 소프트웨어 판매량 3143만장을 기록하며 IP 경쟁력을 재확인한 점도 고무적으로 봤다.김채윤 NH투자증권 연구원은 “엔화 강세 진행과 생산 거점(베트남)으로부터 미국에 수출할 때 부과되는 추가 관세 등 리스크 요인은 있다”면서도 “1500만대 목표는 스위치 1의 첫해 판매 실적과 동등한 보수적인 수준인 점에서 초동 동향엔 큰 영향이 없을 것”이라고 말했다.김 연구원은 또 “스위치 2의 스펙의 대폭 향상(4K·HDR 지원, RAM 8GB 이상 등), 타이틀의 충실함, 취미성이 높은 상품인 점 등을 고려하면 긍정적인 투자 의견을 제시한다”고 덧붙였다.아울러 ‘닌텐도 다이렉트’를 통해 스위치 2 세부 사항과 함께 전용 타이틀 ‘마리오 카트:월드’, ‘동키콩 바난자’ 등 출시를 예고한 점에도 주목했다. 외형 변화는 제한적이나 성능은 전작 대비 월등히 향상됐고, 일부 기존 타이틀은 스위치 2 버전 유료 업그레이드도 지원한다.강 연구원은 “‘사이버펑크’, ‘엘든링’ 등 서드파티 AAA 타이틀 확보로 코어 게이머 유입과 유저층 확대가 기대된다”며 “앞으로 퍼스트파티 IP 신작과 서드파티 라인업 정보 공개로 모멘텀 본격화되며 주가는 우상향이 지속할 전망”이라고 강조했다."
엔비디아·오픈AI도 샀다...상장 50일만에 주가 '두배',https://n.news.naver.com/mnews/article/215/0001209579,한국경제TV,2025-05-17 07:17:40,"데이터 센터 기업 코어위브(Coreweave) 주가가 연일 급등하며 상장 50일 만에 두 배가 됐다.이 회사는 엔비디아가 투자한데다 챗GPT 개발사인 오픈AI를 주요 고객사로 두고 있다는 점에 큰 주목을 받고 있다.16일(현지시간) 뉴욕 증시에서 코어위브 주가는 전날보다 22.09% 폭등해 80.30달러에 장을 마쳤다.회사가 지난 3월 28일 주당 40달러의 공모가에 상장한 지 50일 만에 상승률 100%를 기록한 것이다. 지난 9일 51.37달러였던 주가는 이번 주에만 약 60% 폭등했다.코어위브는 엔비디아의 AI 칩을 이용한 대규모 데이터 센터를 운영하고 이를 임대하는 AI 스타트업이다. 엔비디아가 지분을 투자해 상장 전부터 큰 관심을 받았다.엔비디아가 당초 알려진 것보다 더 많은 지분을 보유하고 있다는 소식에 이날 20% 이상 주가가 폭등한 것으로 풀이된다.엔비디아는 지난 15일 미 증권거래위원회(SEC)에 제출한 보고서에서 코어위브 주식 2천418만주(약 7%)를 보유하고 있다고 밝혔다. 이는 상장 당시 보고서에 명시된 5.2%보다 높다. 코어위브가 3월 말 기업공개(IPO)를 할 당시 약 600만주를 추가 매입한 것으로 분석됐다.엔비디아의 코어위브 지분 가치는 이날 종가 기준으로 약 19억4천만 달러(2조7천158억원)에 달한다.코어위브가 챗GPT 개발사 오픈AI를 주요 고객사로 둔 점도 주가 상승을 부채질한다.SEC에 제출된 보고서에 따르면 코어위브는 최근 오픈AI와 2029년까지 최대 40억 달러(5조6천억원)에 달하는 추가 컴퓨팅 공급 계약을 체결했다.이번 계약은 지난 3월 체결된 5년간 119억 달러 규모의 계약과는 별개다. 오픈AI도 당시 계약으로 코어위브 지분 일부를 보유한 것으로 알려졌다.코어위브는 아마존과 MS, 구글 등 대형 클라우드 서비스 기업들과도 협력 관계를 구축해 오고 있다. 지난해 마이크로소프트(MS) 매출이 전체 3분의 2 정도를 차지할 정도다.이에 매출이 급성장했다. 지난 14일 발표한 코어위브의 1분기 매출은 9억8천160만 달러(1조3천752억원)로, 1년 전보다 420% 급등해 시장 예상치를 웃돌았다.다만, 주당순이익은 1.49달러 손실을 기록했다. 코어위브는 1억7천700만 달러에 달하는 상장 관련 주식 보상 비용의 영향이 있었다고 설명했다.(사진=연합뉴스)"
"뉴욕증시, 소비 둔화 우려에도 낙관론 확산…동반 상승 마감 [뉴욕증시 브리핑]",https://n.news.naver.com/mnews/article/015/0005133050,한국경제,2025-05-17 07:17:11,"사진=REUTERS뉴욕증시 3대 주가지수가 동반 강세를 보였다. 미·중 무역 협상 결과로 낙관론이 확산한 영향이다.16일(현지시간) 뉴욕증권거래소(NYSE)에서 다우존스30 산업평균지수는 전 거래일보다 331.99포인트(0.78%) 오른 42,654.74를 기록했다. 스탠더드앤드푸어스(S&P) 500 지수는 같은 기간 41.45포인트(0.70%) 상승한 5,958.38에, 나스닥 종합지수는 98.78포인트(0.52%) 뛴 19,211.10에 장을 마쳤다.S&P500 지수는 이번 주 모든 거래일 상승했다. 지난 4월 22일 2.51% 급등한 이후 이날까지 약세를 보인 날은 단 3거래일에 불과하다. 미국과 중국의 갈등으로 촉발된 급락장은 서로 관세를 유예하기로 하면서 급등장으로 변했다.5월 미국 소비자심리지수가 하락하고, 단기 기대 인플레이션이 비정상적으로 상승했지만, 투자자들의 관심을 받진 못했다. 미시간대에 따르면 5월 소비자심리지수 예비치는 50.8로 집계됐다. 시장 예상치 53.4보다 낮은 것은 물론, 4월 확정치 52.2보다도 1.4포인트(p) 내린 수치다.1년 기대 인플레이션 또한 4월의 6.5%에서 7.3%까지 뛰어 1981년 이후 최고치를 기록했다. 리솔츠웰스매니지먼트의 칼리 콕스 수석 시장전략가는 ""대중 관세 인하에 대한 안도감이 이번 주 시장을 지배했다""며 ""경제 지표보다는 투자 심리에 따른 매수세가 우위를 점했다""고 진단했다.업종별로 보면 에너지를 제외한 모든 업종이 올랐다. 필수소비재와 의료건강, 산업, 부동산, 유틸리티는 1% 이상 뛰었다. 이번 주 급락을 반복하던 미국 최대 보험사 유나이티드헬스그룹은 6.4% 오르며 모처럼 반등했다. 미국 2위 케이블 기업인 차터커뮤니케이션도 비상장 기업 콕스커뮤니케이션과 합병을 발표하며 주가가 2% 가까이 상승했다.전날 하락세를 보인 대표 기술주 '매그니피센트7(M7)'도 5개 종목이 상승했다. 테슬라가 2.09%로 가장 많이 올랐고 구글도 1.36% 뛰었다. 엔비디아는 0.42%, 마이크로소프트와 아마존은 각각 0.25%, 0.2%씩 올랐다."
"""삼양식품 120만원 찍었는데 왜…"" 개미들 '대혼란' [진영기의 찐개미 찐투자]",https://n.news.naver.com/mnews/article/015/0005133047,한국경제,2025-05-17 07:01:18,"삼양식품 오를 때, 에스앤디 '급락'에스앤디, 삼양식품에 불닭 소스 원료 공급1분기 영업이익, 작년 4분기보다 감소원가 올랐지만, 판가는 그대로사진=연합뉴스삼양식품이 황제주(주가가 100만원 이상인 종목)에 등극한 16일 에스앤디 주주는 혼란에 빠졌다. 그간 에스앤디는 삼양식품과 동반 상승하는 경향을 보였는데, 이날은 10% 하락하며 엇갈린 흐름을 보였기 때문이다. 삼양식품과 달리 에스앤디는 실적 개선세가 꺾여 주가 상승세에 제동이 걸린 것으로 풀이된다.17일 한국거래소에 따르면 전날 에스앤디는 10.18% 내린 9만원에 거래를 마쳤다. 장중 한때 8만7400원까지 하락하며 9만원선을 내주기도 했다. 지난 12일 10만3600원까지 오르며 2021년 9월 코스닥 상장 후 최고가를 기록했지만, 닷새 만에 13.13% 하락했다.외국인 투자자의 매도세가 집중됐다. 에스앤디는 최근 3거래일 연속 에스앤디 주식을 순매도하고 있다. 이번주(12~16일) 외국인은 108억원 순매도했다. 이 기간 코스닥 외국인 순매도 9위다. 기관도 81억원 매도 우위를 보였다.주가 급등기 일부 투자자는 에스앤디를 '삼양식품 레버리지'로 부르기도 했다. 삼양식품과 실적 흐름이 비슷하면서도 주가 상승폭이 더 높다는 이유에서다. 에스앤디는 삼양식품에 원료를 공급한다. 이 원료는 불닭볶음면 액상, 분말 소스에 사용된다. 이 때문에 두 회사의 실적과 주가는 비슷한 흐름을 보였다.사진=게티이미지뱅크올해 초부터 지난 15일까지 에스앤디는 126.7% 급등했다. 같은 기간 삼양식품은 29.54% 올랐다. 시가총액 '조 단위' 회사인 삼양식품보다 에스앤디의 변동성이 상대적으로 큰 영향이다. 하지만 16일 삼양식품은 하루 만에 20% 이상 급등하며 황제주에 올랐는데, 에스앤디는 오히려 하락하자 개인 투자자들은 당황하는 모습이었다. 한 투자자는 온라인 종목 토론방에 ""삼양식품이랑 한 몸인 줄 알았는데, 주가가 왜 하락하는지 모르겠다""는 반응을 보였다.주가 흐름을 가른 것은 실적이다. 삼양식품의 1분기 실적은 높아진 증권가의 눈높이마저 웃돌 만큼 긍정적이었다는 평가가 나온다. 반대로 에스앤디 1분기 성과는 예상을 밑돌았기 때문이다. 앞서 KB증권은 에스앤디의 1분기 매출액과 영업이익 전망치로 각각 352억원, 66억원을 제시했다. 실제 매출액은 357억원으로 예상에 부합했지만, 영업이익은 53억원으로 기대치에 미치지 못했다. 또 작년 4분기(64억원)와 비교하면 17%가량 줄었다. 같은 기간 삼양식품의 영업이익은 877억원에서 1045억원으로 19% 늘었다.원재룟값이 올랐지만, 판매가는 그대로라 영업이익 성장세가 꺾인 것으로 추정된다. 에스앤디의 주요 원재료 5종 가운데 4종(과채·전분 분해물·유크림·핵산계 조미료)의 원가가 작년 말에 비해 올랐다. 특히 유크림의 원가는 1kg당 1만136원에서 1만1400원으로 12.47% 상승했다.에스앤디의 야채분말, 유조제분말, 매운치즈소스의 1분기 가격은 2023년과 같았다. 치킨조제분말의 1kg당 단가는 7800원으로 2년 전(7843원)에 비해 오히려 낮아졌다. 에스앤디 매출의 대부분은 불닭 소스 원료가 포함된 일반기능식품소재 부문에서 나오기 때문에 판가 협상이 실적에 미치는 영향이 큰 것으로 추정된다.다만 불닭볶음면 열풍을 고려하면 K-라면주에 대한 관심을 꾸준히 가져야 한다는 분석이 나온다. 장지혜 DS투자증권 연구원은 ""K-라면 인기에 힘입어 국내 라면 업체의 글로벌 존재감도 커지고 있다""며 ""1분기에도 라면 업체는 신제품 출시, 판매 지역 확대, 국가별 주요 업체 입점을 통해 성장세를 이어가고 있다""고 설명했다.이어 ""불닭볶음면, 불닭 소스의 해외 성장과 함께 에스앤디 소스 원료 매출이 늘어날 것으로 기대된다""고 밝혔다. 삼양식품은 오는 7월 밀양 2공장을 가동한다. 연간 생산 능력은 18억개에서 약 25억개로 늘어날 전망이다. 에스앤디도 160억원을 투입해 오는 6월까지 생산능력을 기존 대비 30%가량 늘려 물량 증가에 대응할 계획이다.재무구조도 양호해 주주환원에 대한 기대감도 커지고 있다. 지난해 에스앤디는 자사주 116만6666주를 소각했다. 당시 발행주식총수 대비 28.74%에 달했다. 또 작년 결산 배당으로 주당 800원을 지급했다. 1년 전(주당 500원)에 비해 300원 늘었다. 에스앤디 관계자는 ""지난해 자사주 소각을 큰 규모로 진행한 만큼, 올해 주주환원책은 배당금 확대에 무게를 두고 있다""고 밝혔다."
'주가 5만원 가나 했더니'…1억 넣었으면 3500만원 된 종목 [윤현주의 主食이 주식],https://n.news.naver.com/mnews/article/015/0005133045,한국경제,2025-05-17 07:01:11,"32년 색조화장품 강자 클리오11개월 전 주가 5만원 육박어닝 쇼크로 고점 대비 65% 뚝“중동·유럽 오프라인 채널 공략일본·미국 견고한 매출 성장 이끌 것”한화증권, 목표가 2만1000원 제시프로 아이 팔레트 에어 모델 안유진. 클리오 제공11개월 전만 해도 주가 5만원을 넘봤는데….코스닥 상장사 클리오의 주가가 부진을 면치 못하고 있다. 17일 한국거래소에 따르면 주가는 1만5450원으로 K뷰티 바람으로 작년 6월 13일 상장 후 최고가인 4만5000원을 찍은 후 65.67% 폭락했다. 당시 1억원을 투자했다면 현재 잔고는 약 3500만원으로 쪼그라든 것이다. 1분기 어닝 쇼크로 52주 신저가를 기록했지만 달바글로벌이 22일 유가증권시장에 상장하면 화장품주에 온기가 돌 수도 있다.페리페라 잉크 무드 글로이 틴트 모델 컷. 클리오 제공32년 색조화장품 강자 … 건기식 브랜드 트루알엑스도 보유1993년 설립된 국내 최초 색조화장품 회사인 클리오는 올해로 창립 32주년을 맞는다. 유행에 민감한 화장품 업계에서 양호한 실적을 거두고 있다. 특히 제품 개발부터 디자인, 마케팅까지 전방위 경쟁력을 바탕으로 시장 점유율을 높여가고 있다. 메인 브랜드 클리오를 비롯해 페리페라, 구달, 더마토리, 힐링버드 등을 보유하고 있다. 이 외에도 인디브랜드 4개(타입넘버, 트윙클팝, 심플레인 등)가 있고 자회사인 클리오라이프케어의 건강기능식품 브랜드인 트루알엑스까지 총 10개의 브랜드를 갖고 있다.메인 색조 브랜드인 클리오는 ‘킬커버 쿠션’ ‘프로아이팔레트 에어’ ‘수퍼프루프마스카라’ 등 베이스, 아이, 립 카테고리 전반에서 획기적인 제품을 통해 세련된 무드를 형성하고 1030 세대에서 높은 인지도를 기록 중이다. 작년 매출의 49%를 차지하는 효자 브랜드다.킬 커버 메쉬 에센셜 쿠션 제품 이미지. 클리오 제공페리페라는 트렌디한 제품을 보다 합리적인 가격에 즐길 수 있도록 MZ세대를 겨냥한 색조 브랜드다. 주력 품목은 ‘잉크무드글로이틴트’ ‘잉크글래스팅립글로스’ ‘잉크더벨벳’ 등 틴트류를 중심으로 판매하며 작년 매출의 24%를 기록했다.구달은 고기능 클린뷰티 스킨케어 브랜드로 한국의 제철 원물을 신선하게 수확해 모든 사람들이 순하게 사용할 수 있는 최적의 배합을 만들어내는 것을 목표로 한다. 대표 제품은 ‘청귤비타C잡티케어라인’으로 미국, 일본 등서 좋은 반응을 얻고 있다. 어성초, 흑당근 등 다양한 원료를 활용한 화장품을 내놓고 있다. 더마토리는 민감성 피부를 위해 하이포알러제닉 테스트를 마친 더마 화장품 스킨케어 브랜드다. 힐링버드는 빠르게 헤어 관리가 가능한 고기능 홈 케어 제품을 콘셉트로 한 헤어케어 브랜드다.더마토리 히알루론 수분샘 엠보 패드 모델 도경수. 클리오 제공“일본·미국·베트남 견고한 매출 성장 이끌 것 … 유럽·중동 오프라인 채널 공략”17일 회사 관계자는 “전략 국가로 일본, 미국, 베트남을 지정해 글로벌 핵심 시장 중심으로 국가별 현지화된 제품을 통해 견고한 매출 성장을 이끌 계획이다”고 말했다. 특히 “유럽과 중동 등 신규 국가 오프라인 채널 진입을 통한 매출 다변화에도 힘쓰겠다”고 덧붙였다. 또 “브랜드 포트폴리오 안정화를 위해 기초 화장품 매출 비중 확대를 지속하고 중국과 동남아에도 기초 브랜드를 출시해 글로벌 기초 브랜드 육성 프로젝트를 가동하겠다”고 강조했다.중장기적으로 색조화장품 60%, 기초화장품 40%를 목표로 한다. 이를 위해 구달, 더마토리 등 스킨케어 브랜드와 힐링버드, 타입넘버 등 헤어케어 및 바디케어 브랜드의 국내외 유통 채널을 확장하고 있다. 2021년 4월부터 자회사 클리오라이프케어를 통해 건강기능식품 브랜드 트루알엑스도 공격 영업하고 있다. ‘리치 콜라겐’ ‘리치 엘라스틴’ ‘리치화이트 글루타치온’ 등 대표적인 이너뷰티 제품을 중심으로 사업 확대를 해나가고 있다.이 같은 노력에 5년간 실적은 우상향이다. 2020년 매출 2182억원, 영업이익 62억원에서 작년 매출 3514억원, 영업이익 246억원으로 4년 만에 각각 61.04%, 296.77% 증가했다. 같은 기간 영업이익률은 2.85%에서 7%로 높아졌다. 해외 국가별 매출(작년 기준) 비중을 살펴보면 일본 26%, 북미 19%, 동남아 18%, 중국 14% 순이다. NH투자증권은 올해 매출 3600억원, 영업이익 270억원을 전망했다.총 주식 수는 1807만1353주로 한현옥 대표(지분 48.57%) 외 특수관계인 2인이 지분 60.71%를 보유한 최대주주다. 브이아이피자산운용 6.71%, 자사주 3.03%, 외국인 3.38%로 실제 유통 물량은 25%가 조금 넘는다. 작년 말 기준 현금성 자산 1109억원, 유형자산 596억원 있다. 부채비율도 26.31%로 사실상 무차입 경영이고 자본유보율 2613.61%로 재무 상태는 우량하다.서울특별시 성동구 왕십리로 66에 위치한 클리오 본사. 클리오 제공매년 현금배당 진행 … 1분기 어닝 쇼크로 주가 충격2016년 상장 후 2018년을 제외하고는 매년 결산 현금배당을 진행했다. 2020년 1주당 100원 배당에서 작년 400원까지 올라왔다. 같은 기간 배당수익률은 0.56%에서 2.33%로 높아졌다. 2023년부터 올해까지 3개년 간 각 사업연도 연결 재무제표 기준 당기순이익의 20% 내외를 주주환원 재원으로 활용하고 있고 주주와 소통도 강화 중이다. 기업 홈페이지 내 IR 자료 게시판을 오픈해 매 분기 IR 자료와 회사 담당자가 실적 발표 오디오 파일을 업로드해 개인 투자자의 정보 불균형을 해소하고 있다. IR Q&A 게시판도 있어 누구나 쉽게 IR 문의를 할 수 있다.회사 관계자는 “올해 고객 관점, 글로벌, 디지털 혁신을 핵심 경영 방침으로 삼아 글로벌 뷰티 리더로 도약할 것이다”며 “글로벌 시장 리더십을 확고히 하고 현지화 전략을 통해 차별화된 상품 포트폴리오를 구축하겠다”고 선언했다. 그는 “상품은 곧 클리오를 대표하는 국가대표와 같다”며 “고객들이 체감할 수 있는 압도적인 품질과 혁신적인 디자인, 데이터 기반 퍼포먼스 마케팅 등으로 시장 대응력을 고도화하겠다”고 덧붙였다.구달 티니핑 청귤 비타씨 잡티 세럼 모델 컷. 클리오 제공다만 1분기 어닝 쇼크로 증권사는 보수적인 입장을 내놨다. 한유정 한화증권 연구원은 “1분기 매출 823억원(전년 대비 11.4% 감소), 영업이익 11억원(86.5% 감소)으로 컨센서스 영업이익 71억원을 큰 폭으로 하회했다”며 “경쟁 심화로 전 채널 매출이 감소했다”고 분석했다. 이어 “미국(33% 감소), 중국(25% 감소), 동남아(5% 감소) 등 대부분 해외 지역에서 매출이 줄었다”며 “이익률은 1.4%에 그쳤다”고 했다. 그는 “1분기를 저점으로 회복을 예상한다”며 “2분기 매출 923억원(0.3% 감소), 영업이익 72억원(25% 감소)을 거둘 것으로 보인다”고 했다. 그는 “일본 온라인 채널 기저효과와 유럽 매출의 신규 반영, 한국 및 일본에서의 채널별 전략 제품 출시는 긍정적이다”고 평가했다. 목표주가는 2만1000원으로 내렸는데 현 주가 대비 35.92% 상승 여력이 있다.정지윤 NH투자증권 연구원은 “하반기 해외 진출 계획과 브랜드 다변화 계획이 있다”며 “현 주가는 실적 부진을 반영했다”고 평가했다.'1500만 개미'와 함께 달리겠습니다. 여러분의 주식 계좌가 빨간불이 되는 그날까지 재미있는 종목 기사 많이 쓰겠습니다. 아래 기자 페이지에서 윤현주 기자 구독과 응원을 눌러 주시면 기사를 매번 빠르게 확인하실 수 있습니다."
삼양식품·한화비전·감성코퍼레이션[하나證 주간추천주],https://n.news.naver.com/mnews/article/018/0006016489,이데일리,2025-05-17 07:01:09,"[이데일리 신하연 기자]△삼양식품(003230)-1분기 매출액은 전년 동기 대비 37.1% 증가한 5290억원, 영업이익은 67.3% 증가한 1340억원 기록-현재 미국 내 주요 모든 채널에서의 물량 품귀 현상 나타나고 있는 것으로 파악[하나증권 제공]△한화비전(489790)-고대역폭메모리(HBM) 적층 공정의 핵심 장비인 TC본더를 국내 주요 IDM 업체로 납품 성공-12단 HBM 출하 본격화 감안 시 약 70~80대의 TC본더 수요 발생 전망△감성코퍼레이션(036620)-1분기 매출액 전년 동기 대비 25.5% 증가한 467억원, 영업이익 48.2% 증가한 68억원 기록-연내 중국 진출 모멘텀이 가시화 됨에 따라 밸류에이션 멀티플 확장 기대"
‘트럼프 허니문’ 회복한 비트코인…시장에 다시 퍼진 낙관론 [투자360],https://n.news.naver.com/mnews/article/016/0002472389,헤럴드경제,2025-05-17 07:00:27,"지난 9일 이후 10만달러대 저항선최고치 근접…거래량 지난달 대비 50%↑SC, 2분기 12만달러 오해 20만달러 전망[AFP][헤럴드경제=유동현 기자] 비트코인이 10만달러를 넘어서며 도널드 트럼프 미국 대통령 당선 후 기록한 최고치에 근접하고 있다. 하루 거래량은 전달 대비 50% 이상 늘어나며 시장이 활기를 띈 가운데 낙관론이 제기되고 있다.17일 코인마켓캡에 따르면 비트코인은 지난 9일 이후 10만달러대를 나타내고 있다. 등락을 나타냈지만 10만달러대는 저항선이 됐다. 지난 12일에는 10만5626달러를 기록하며 대선 후 트럼프 대통령의 친(親) 가상정책 기대감이 퍼진 최고치 10만6147달러(지난해 12월18일) 수준을 기록했다.비트코인 시가총액은 지난 11일 2조790억달러(2902조원)까지 오르며 트럼프 허니문 기간에 경신한 최고치(2조1040억달러)와 간극을 좁혔다. 비트코인은 지난 1월 말 트럼프 대통령이 주변국 대상으로 관세 부과에 드라이브를 걸면서 지난달 9일에는 7만6273달러까지 떨어졌다. 상호관세 발효 이후 미국 인플레이션 우려에 따른 금리 인하 조정론, 나아가 경기침체 우려까지 겹치면서 회피심리가 짙어지면서다.주변국과 관세 협의에 나서면서 불확실성이 걷히자 자금은 유입되고 있다. 미국에 상장된 11개 비트코인 현물 상장지수펀드(ETF)로는 최근 2주간(4월28일~5월15일) 414억8900만달러(약 58조원)이 들어왔다.거래량도 회복했다. 16일 오후 6시 기준 비트코인 거래량은 520억달러를 나타냈다. 지난달 하루 평균 거래량 337억달러 대비 190억달러(54.30%) 가까이 늘었다. 비트코인 월별 하루 평균 거래량은 지난 1월 533억달러를 기록한 뒤 2월(511억달러), 3월(347억달러)로 매달 감소하다 지난달에는 300억달러대로 급감했다.투자심리가 회복되면서 시장에서는 다시 낙관론이 드리우고 있다. 니콜라오스 파니지르초글루 JP모건 수석 애널리스트는 최근 보고서를 통해 “2월 중순부터 4월 중순까지 금이 비트코인을 대체해 상승했지만, 지난 3주 간은 반대 현상이 나타나 비트코인이 금을 대체하며 상승했다”고 밝혔다. 이어 “금과 비트코인 간의 제로섬 게임은 올해 남은 기간까지 이어질 것으로 예상하나 암호화폐 관련 촉매제가 많아 올해 하반기에는 금보다 비트코인이 더 상승할 가능성이 높다”고 했다.스탠다드차타드(SC)는 보고서를 통해 비트코인의 올해 2분기 목표가를 12만 달러로 제시했다. 연말 목표가는 20만 달러를 내다봤다. SC는 “비트코인 현물 ETF에 자금이 꾸준히 유입되고 있다”며 “더 많은 기관투자자가 시장에 진입하고 있다는 신호”라고 분석했다. 이어 “기관의 영향력을 감안하면 2분기 12만 달러는 오히려 보수적인 전망일 수 있다”고 했다.투자360"
세계 외환보유 美달러 '흔들' 금·엔화 수요 ↑… 연준 예고에 한은 금리인하 부담 커진다 [AI 프리즘*글로벌 투자자 뉴스],https://n.news.naver.com/mnews/article/011/0004486377,서울경제,2025-05-17 07:00:14,"세계 외환보유고서 美 달러 1강도 흔들거려금 ETF 수익률 49.82% 돌파··· 골드뱅킹 잔액 1조 1025억원 달성美 4월 소매판매 0.1% 증가 그쳐··· 월마트 “관세 부담으로 가격 인상”[서울경제]▲ AI 프리즘*맞춤형 경제 브리핑* 편집자 주 : ‘AI PRISM’(Personalized Report & Insight Summarizing Media)은 한국언론진흥재단의 지원을 받아 개발한 ‘인공지능(AI) 기반 맞춤형 뉴스 추천 및 요약 서비스’입니다. 독자 유형별 맞춤 뉴스 6개를 선별해 제공합니다.금융시장 거대 지각변동의 방아쇠가 당겨졌다 [AI PRISM x D•LOG][주요 이슈 브리핑]■ 달러 패권 약화:세계 외환보유고에서 달러 비중이 57.8%로 역대 최저치를 기록했다. 미국의 정치·경제적 불확실성 확대로 금과 엔화 등 대체 자산 수요가 급증하는 추세다.■안전자산 선호 확산:금 관련 ETF 수익률이 49.82%까지 상승하며 강세 지속됐다. 골드뱅킹 잔액이 1조원 돌파, 골드바 판매액도 전년 대비 3.9배 증가하는 현상이 두드러진다.■미국 경기 불확실성 심화:미국 소매판매 증가세 둔화와 제조업 부진 속 인플레이션 압력이 가중됐다. 연준의 매파적 기조 강화로 신흥국 중앙은행의 금리 인하 여력이 제한되는 상황 주목된다.[글로벌 투자자 관심 뉴스]1. 세계 외환보유고서 美달러 흔들-금·엔화 등 수요↑- 핵심 요약: 전 세계 외환보유고에서 미국 달러 비중이 57.8%로 1995년 통계 작성 이래 최저치를 기록했다. 미국의 정치·경제적 불확실성이 확산하면서 대체 자산 수요가 급증하고 있다. 러시아는 외환보유고의 32%에 해당하는 약 2300톤의 금을 보유해 10년 전보다 두 배 가까이 증가했다. 엔화 비중도 5.82%로 3년 연속 늘고 있어 달러 1강 체제가 약화되는 추세다.2. 金 단기투자땐 ETF·골드뱅킹, 절세엔 골드바 유리- 핵심 요약: 금 관련 ETF 중 ‘ACE 골드선물 레버리지(합성H) ETF’는 올해 초부터 4월까지 49.82% 상승하며 전체 ETF 중 수익률 6위를 기록했다. ‘HANARO 글로벌금채굴기업 ETF’도 같은 기간 32.65%의 수익률을 보였다. KB·국민·신한·우리은행의 골드뱅킹 잔액은 1조 1025억 원으로 1년 전 대비 1.8배 증가했다. 5대 은행의 4월 골드바 판매액은 348억 7200만 원으로 지난해 4월보다 3.9배 급증했다.3. 연준 ‘매파적’ 변화 예고에…금리인하 부담 커지는 한은- 핵심 요약: 미 연준이 통화정책 프레임워크 개편을 준비하면서 물가 상승을 어느 정도 용인하는 방향으로 나아갈 전망이다. 제롬 파월 의장은 “2010년대보다 인플레이션 변동성이 확대될 수 있다”고 경고했다. 한국은행은 저성장 대응을 위한 금리 인하 기조를 유지하고 있으나, 4월 중 외국인 증권 투자자금이 17억 달러 순유출되었다. 특히 주식 자금이 93억 3000만 달러 순유출되어 5년 만에 최대 규모를 기록했다.4. 내수 둔화·물가 들썩…경착륙 우려 못떨친 美- 핵심 요약: 4월 미국 소매판매는 7241억 달러로 전월 대비 0.1% 증가에 그쳤고, 근원 소매판매는 -0.2%를 기록해 예상치(0.3%)를 크게 밑돌았다. 13개 항목 중 스포츠 용품, 서점(-2.5%), 잡화점(-2.1%), 의류(-0.4%) 등 7개 품목이 감소했다. 월마트와 버켄스탁은 관세 부담으로 가격 인상을 예고했다. JP모건체이스 CEO 제이미 다이먼은 “경기 침체 가능성이 거의 반반 수준”이라고 경고했다.[키워드 TOP 5]달러 패권 약화, 금 투자 수요 급증, 미국 경기둔화 신호, 인플레이션 압력, 중앙은행 정책 딜레마, AI PRISM, AI 프리즘2025년 5월 17일(토) 1면 언박싱 [ON AIR 서울경제]"
증권신고서 3번 고친 한화에어로…'2.3조' 대규모 유증 성공하나,https://n.news.naver.com/mnews/article/008/0005195347,머니투데이,2025-05-17 07:00:00,"안병철 한화에어로스페이스 전략총괄 사장이 지난달 8일 서울 중구 장교동 한화 그룹 본사에서 열린 '한화에어로 미래 비전 설명회'에서 중장기 투자 계획  및 최근 유상증자 관련 입장 발표를 하고 있다. /사진=뉴스1한화에어로스페이스(이하 한화에어로)가 최근 유상증자 증권신고서를 3번째 고치면서 자금조달에 속도를 낼지 주목된다. 중점심사 대상으로 한화에어로의 유상증자를 살펴보고 있는 금감원이 또다시 수정요구를 하지 않으면 유상증자 증권신고서는 오는 29일 효력이 발생한다. 계획대로 자금을 조달할 가능성이 높아진다.17일 금융투자업계에 따르면 한화에어로는 지난 14일 유상증자 증권신고를 3번째 정정했다. 앞서 회사는 금감원의 요구에 따라 2차례 증권신고서를 고쳤는데, 3번째는 자체적으로 수정했다. 금감원이 별도로 정정요구를 공시하지는 않았으나, 금감원과 협의에 따라 이뤄졌다. 한화에어로는 3차 수정에서 유상증자의 배경, 자금사용 계획 등을 보다 구체적으로 담았다고 밝혔다.이에 따라 한화에어로의 유상증자 증권신고서 효력발생일은 오는 29일로 재산정됐다. 이날까지 금감원에서 또다시 정정요구를 하지 않으면 계획대로 자금조달 일정을 추진할 수 있을 것으로 예상된다.유상증자 확정가액은 다음달 26일 결정될 예정이다. 이후 7월1~2일에 기존 주주(구주주) 대상 청약, 4일·7일에는 일반공모 청약이 각각 진행된다. 일반공모 청약 공고는 7월3일 회사 홈페이지 등에 게시될 예정이다.한화에어로가 3차례나 증권신고서를 수정한 만큼 이번에는 금감원의 중점심사를 통과할 가능성이 높다는 데 무게가 실린다. 다만 금감원은 청약일 전일까지도 정정요구를 할 수 있다는 점은 변수다.금감원 관계자는 ""시장에서 효력발생일까지 아무 일이 없으면 통과됐다고 이해해 금감원에서도 보통 효력발생일 이전에 정정요구를 하는 경향이 있다""며 ""하지만 법상 청약일 전까지 정정요구가 가능하다""고 말했다.한화에어로는 지난 3월20일 자본시장 역대 최대규모인 3조6000억원의 유상증자 계획을 발표했다. 한화에어로는 금감원의 정정요구 이후 유상증자 규모를 2조3000억원으로 축소했다. 나머지 1조3000억원은 한화에너지 등 계열사를 활용한 제3자 배정 방식으로 충당했다.금감원은 그동안 한화에어로에 대해 2차례 정정신고서를 제출을 요구했다. 1차 정정요구에선 △유상증자의 당위성 △계열사 지분 거래와의 연관성 △자금사용 목적 구체성을, 2차에서는 △증자 규모 축소와 제3자 배정 추진 등 증자구조 변경이 주주·회사에 미치는 영향 △일부 자금사용 계획의 구체성 등을 보완하라고 했다."
이더리움 40% 오르자…2배 레버리지 ETF 사들이는 서학개미,https://n.news.naver.com/mnews/article/421/0008256137,뉴스1,2025-05-17 07:00:00,"이더리움 2배 추종 ETF 101억원 순매수…보관금액 상위에 4개 종목'가상자산 현물 ETF' 도입 공약에 겹호재까지…투자자 기대14일 서울 서초구 빗썸라운지 전광판에 비트코인 등 가상자산 시세가 표시되고 있다. 2025.5.14/뉴스1 ⓒ News1 황기선 기자(서울=뉴스1) 강수련 기자 = 비트코인, 알트코인이 급등하면서 서학개미들이 2배 레버리지 상장지수펀드(ETF)와 가상자산 관련 주식을 사들이고 있다. 대선 주자들도 정책공약에 가상자산 현물 ETF를 넣은 만큼 당분간 가상자산에 대한 관심이 이어질 전망이다.17일 한국예탁결제원 증권정보포털 세이브로(SEIbro)에 따르면 서학개미들은 지난 9일부터 15일까지 'VOLATILITY SHARES TRUST 2X ETHER ETF'를 총 722만 6968달러(101억 원)를 사들였다. 순매수 상위 37위에 올랐다.해당 상품은 이더리움의 선물 계약의 일일 성과를 두 배 제공하도록 설계된 레버리지 ETF다. 지난 8일~14일까지 일주일 새 이더리움이 257만 3000원에서 367만 4000원까지 42.79% 올랐다. 이 기간 이더리움 2배 추종 ETF의 수익률은 85%에 달한다.비트코인도 지난 9일 10만 달러선을 다시 회복해 10만 3000달러 선을 유지하고 있다.지난주 미국과 영국이 첫 무역 협상을 타결하면서 가상자산들도 급등했다. 영국산 제품에 부과하기로 한 10% 관세를 제외하고 자동차 관세 인하, 철강 관세 폐지 등을 내세우자 관세리스크가 줄어들 거란 기대감이 몰린 영향이다.서학개미들의 보관금액 상위 50개 종목에도 가상자산 ETF가 4개 포함됐다.14일 기준 비트코인 선물 가격을 2배로 추종하는 레버리지 ETF'2X BITCOIN STRATEGY ETF(5억 6718만 달러, 7928억 원), PROSHARES ULTRA BITCOIN ETF(4억 872만 달러, 5713억 원), VOLATILITY SHARES TRUST 2X ETHER ETF(3억 5301만 달러, 4934억 원)가 이름을 올렸다.비트코인 수혜주인 마이크로스트래티지(16억 9686만 달러, 2조 3718억 원)와 마이크로스트래티지 2배 레버리지 상품인 T-Rex 2X Long MSTR Daily Target ETF(4억 411만 달러, 5648억 원)도 랭크됐다.이들 종목은 기존의 나스닥 100지수나 스탠더드앤푸어스(S&P)500 등 지수 추종 ETF 등에 비하면 보관금액은 많지 않지만 신규로 진입한 테마라는 점에서 주목된다.""가상자산 현물 ETF 도입"" 공약…호재 이어지며 가상자산 관심 높아이재명 더불어민주당 대통령 후보(왼쪽), 김문수 국민의힘 후보가 제21대 대통령 선거 공식 선거운동 첫날인 12일 서울 중구 청계광장, 대구 서문시장에서 각각 지지를 호소하고 있다. 2025.5.12/뉴스1 ⓒ News1 안은나 기자,김민지 기자당분간 가상자산 시장과 관련 ETF에 대한 관심은 이어질 예정이다. 대선 주자들이 가상자산 현물 ETF 도입을 공약하면서 금융권 논의도 시작되고 있다.이재명 더불어민주당 후보는 ""가상자산 현물 ETF를 도입하고 통합감시시스템을 구축해 안전한 가상자산 투자 환경을 조성하겠다""고 했으며, 김문수 후보 역시 10대 공약 중 하나로 가상자산 현물 ETF 허용을 추진하겠다고 밝혔다.금융투자협회는 'ETF 협의체'를 구성하고, 오는 20일 10여개 자산운용사들과 업계 현안을 논의할 예정이다. 서유석 금융투자협회장이 가상자산 현물 ETF에 대한 전향적 논의가 필요하다고 밝힌 만큼, 이 자리에서 가상자산 ETF에 대한 의견도 나올 것으로 보인다.빗썸도 위클리리포트에서 ""최근 미국과 중국의 무역 긴장 완화, 주요 거래소(코인베이스)의 주류 시장 진입, 대선 후보들의 전향적인 정책 공약 등 시장을 둘러싼 낙관적인 시그널이 연이어 포착되며 기대감을 키우고 있다""며 ""가상자산의 높은 변동성과 제도적 리스크는 여전히 시장의 불안 요인으로 남아 있지만 호재들이 이어지면서 이 흐름이 구조적 반등으로 이어질 수 있을지 기대감이 커지고 있다""고 했다."
"소비자의 비관론, 월가의 낙관론[데일리국제금융시장]",https://n.news.naver.com/mnews/article/011/0004486376,서울경제,2025-05-17 06:59:06,"미시간대 소비자심리 또 하락90년 이후 최대 하락폭 유지美 3대지수는 모두 상승 마감트럼프 ""몇주 내 각국에 관세 통보”증시···불확실성 해소 기대일각선 “추가 상승 어려울 수도”미국 뉴욕 뉴욕증권거래소에서 트레이더들이 업무를 보고 있다. 로이터연합뉴스.[서울경제]월스트리트(금융 시장)와 메인스트리트(실물 경제)의 괴리가 점차 커지고 있다. 미국 소비자들의 경제에 대한 인식이 5월 들어 더욱 악화됐다는 소식에도 불구하고 미국 뉴욕 증시의 3대 지수는 16일(현지 시간) 상승 마감했다. 소비자들의 불안과 별개로 증시에서는 도널드 트럼프 미국 대통령의 관세 전쟁이 최악의 순간은 지났다는 안도감이 더욱 우세했다.16일(현지 시간) 뉴욕 증시에서 다우존스30산업평균지수는 331.99포인트(+0.78%) 오른 4만2654.74에 거래를 마쳤다. 스탠더드앤드푸어스(S&P)500은 41.45포인트(+0.7%) 상승한 5958.38에, 기술주 중심의 나스닥종합지수는 98.78포인트(+0.52%) 오른 1만9211.10에 장을 마감했다. 골드만삭스 자산운용의 멀티에셋 솔루션 부문 글로벌 공동 최고투자책임자(CIO)인 알렉산드라 윌슨 엘리존은 “관세를 90일 동안이라도 미룬 동안 예산이나 세금 감면, 규제 완화(등 다음 의제)로 나아가기 시작할 것”이라며 “상당한 변동성과 실행 위험은 여전하지만 대부분의 나쁜 소식은 이미 지나갔다”고 이날 상승 배경을 해석했다.3대 지수는 주간 기준으로 모두 큰 폭의 상승세를 보였다. S&P500지수는 5.3% 급등했고 다우지수는 3.4% 올랐다. 나스닥지수도 주간 7.2% 올랐다.S&P500 지수 내 11개 산업별 섹터에서 에너지를 제외한 모든 섹터가 상승했다. 전날 대체로 하락했던 매그니피센트7(주요 7개 대형기술주) 종목 중 5개 종목이 상승했다. 테슬라의 상승률이 2.09%로 가장 컸으며 이어 구글(1.36%), 엔비디아(0.42%), 마이크로소프트(0.25%), 아마존(0.2%)이 상승했다. 메타와 애플은 각각 0.55%, 0.09% 하락했다. 전날 영국 일간 파이낸셜타임스(FT)는 복수의 소식통을 인용해 엔비디아가 중국 상하이에 연구개발(R&D)센터 설립을 추진 중이라고 보도했다. 젠슨 황 엔비디아 최고경영자(CEO)가 지난달 궁정 상하이 시장과 만나 이런 계획을 논의했다고 FT는 전했다. 엔비디아는 상하이 R&D 센터에서 중국 고객이 원하는 특정 요구사항과 중국의 규제를 충족하는 데 필요한 기술적 요구사항을 연구하되 실제 핵심 설계와 생산은 하지 않을 것으로 알려졌다.━트럼프 “150여개국 개별 협상 어려워…2~3 주내 관세 통보할 것”이날 개장 전 블룸버그통신과 월스트리트저널(WSJ) 등은 트럼프 대통령이 상대국과 관세 협의 대신 일방적으로 관세율을 정해 상대국에 통지하는 방식으로 관세 정책을 처리할 것이란 소식을 전했다. 주요 외신에 따르면 트럼프 대통령은 이날 중동 순방 중 무역 협상에 대해 “앞으로 2~3주 안에 스콧 베선트 재무 장관과 하워드 러트닉 상무 장관이 사람들에게 편지를 보낼 것 같다”며 “아주 공평한 내용인데 미국에서 사업을 하려면 얼마를 내야 하는지 알려줄 것”이라고 말했다. 상호관세 유예 조치가 만료되는 7월 초 까지 모든 무역 상대국과 협상이 역부족이라고 보고 사실상 관세를 확정해 통보하겠다는 구상으로 풀이된다. 트럼프 대통령이 어떤 국가에 서한을 보낼지는 밝히지 않았다.증시는 이 발언이 알려진 직후 소폭 상승세로 장을 시작했다. 어떤 형태든 7월로 예정된 유예 기간 내 관세에 따른 불확실성을 처리하려는 의지로 해석하면서다. WSJ는 “트럼프 행정부는 영국과 중국과의 무역 협상 진전 이후 나머지 국가들과 개별 거래를 성사시키는 데는 인내심이 부족해 보인다”며 “시장에서는 발언을 긍정적으로 받아들이면서 증시가 오후까지 상승세를 이어갔다”고 말했다.이후 증시는 잠시 하락 영역으로 진입하기도 했다. 미시간대학교가 발표한 5월 소비자심리지수 잠정치가 50.8로 4월(52.2)는 물론 시장 전망치(53.5)를 밑돌면서다. 특히 향후 경제 전망인 기대 지수는 같은 기간 47.3에서 46.5로 하락했다. 3개월간 누적 하락폭이 32.4%에 달해, 전월에 이어 다시 한번 1990년 경기 침체 이후 최대 낙폭 수준을 이어갔다. 이번 조사는 4월 22일부터 5월 13일까지 진행됐다. 12일 미국과 중국의 무역 합의 발표일과 그 다음날이 조사 기간에 포함된다.무엇보다 관세에 따른 인플레이션 전망이 급등했다. 앞으로 1년 뒤 물가상승률 전망치는 7.3%에 이르렀다. 전월 6.5%에서 추가 상승했다. 1981년 이후 최고치다. 5~10년 뒤 장기 인플레이션 기대도 전 월 4.4%에서 이번 달 4.6%로 상승했다. 이는 1991년 이후 최고치다. 인플레이션 기대가 높아질수록 기업이나 소비자들이 투자와 판매가격 결정, 지출 관리를 할 때 높은 물가를 반영하게 된다. 특히 국채 시장의 실질 금리가 낮아지는 효과를 내면서 긴축 효과도 약해질 수 있다. 연준이 통화 정책 결정의 큰 틀에서 인플레이션 기대를 핵심 검토 요인으로 삼는 것도 이 때문이다.━1년 인플레이션 기대 7% 돌파했는데…월가 일각 “스태그플레이션 근거 없다”미국 텍사스주 오스틴의 월마트 매장에서 한 직원이 진열대를 정리하고 있다. AFP연합뉴스소비자 심리의 악화에도 불구하고 증시가 상승세를 이어가는 현상은 투자자들의 관심이 현재 미국의 실물 경제 보다 관세에 쏠렸다는 방증이다. 이날 데이터업체 팩트셋은 S&P500 기업 중 3월 15일 이후 실적을 발표한 곳은 451개 기업으로 이 가운데 411개 기업이 1분기 실적발표에서 “관세”를 언급했다고 분석했다. 실적 발표 기업의 91%가 관세에 대한 사업 영향에 신경을 쓰고 있다는 의미다. 지난해 4분기 실적발표에서 관세를 언급한 기업의 수는 260곳이었다. 팩트셋의 수석 분석가인 존 버터스는 “현재 지수 구성 기업들의 지난 10년 간 실적 발표를 분석했을 때 이는 가장 많은 수치”라고 말했다.소비자심리조사 처럼 소비자들이나 기업 대상 설문조사 기반 지표(소프트데이터) 외 실제 수치를 도출하는 경제 지표(하드 데이터) 상에서는 아직 경제의 충격이 나타나지 않는 점도 월가의 낙관론이 지속되는 원인이다. 최근 발표된 4월 소비자물가지수(CPI)는 전년 동기 대비 2.3% 상승해 2021년 2월 이후 4년 만에 가장 낮은 상승률을 보였다. 해리스 파이낸셜 그룹의 매니징 파트너 제이미 콕스는 “관세가 인플레이션을 즉각적으로 치솟게 만들 것이라고 확신하던 사람들에게는 그 시나리오가 기본 전제(base case)였지만 실제 데이터는 이를 뒷받침하지 않는다”며 “시장에서는 스태그플레이션 위험에 대한 가격을 다시 (낮춰) 매기고 있다”고 말했다.골드만삭스의 분석가팀도 이날 내놓은 보고서에서 올해 말 10년 만기 미국 국채 수익률이 4.5% 수준일 것이라고 전망치를 상향 수정했다. 기존 전망치는 4.0%다. 이는 트럼프 대통령이 관세 전쟁의 긴장도를 낮춰 미국의 둔화 위험이 줄어들면서, 투자자들이 안전자산보다 주식과 같은 위험 자산에 대한 수요가 더 커졌다는 관측을 담고 있다. 국채 금리 상승은 가격 하락을 의미한다. 이날 미국 10년물 국채 수익률은 전 거래일보다 5bp(1bp=0.01%포인트) 오른 4.484%에 거래됐다.물론 증시 상승세가 길게 지속되기 어렵다는 지적도 만만찮다. 현재까지의 하드데이터는 대부분 관세 효과가 본격화되지 이전의 지표인데다 추후 관세율이 지금 수준으로 낮게 유지되더라도 경제 충격은 피할 수 없다는 논리에서다. 모건스탠리의 리사 샬렛은 “지금 주가 수준을 정당화하기는 어렵다”며 “여기서 정체가 올 것 같다”고 말했다."
"미국, 마지막 'AAA' 등급 상실…무디스 ""감세안, 적자 4조"" [글로벌마켓 A/S]",https://n.news.naver.com/mnews/article/215/0001209576,한국경제TV,2025-05-17 06:57:22,"미국이 세계 최고 수준이던 국가 신용등급을 사실상 모두 반납했다. 국제 신용평가사 가운데 유일하게 미국에 최고 등급을 부여해왔던 무디스마저 미국의 국가신용등급을 한 단계 강등했다. 뉴욕 증시 정규 거래 마감 이후 나온 이번 소식으로 미 국채금리가 불안정한 움직임을 보였고, 변동성 지수가 급등하는 등 시장의 불안감이 확산하고 있다.현지시간 16일 무디스(Moody's)는 미국의 선순위 무담보 채권 등의 등급을 기존 최고등급인 'Aaa'에서 'Aa1'으로 한 단계 하향 조정한다고 발표했다. 등급 전망은 기존 '부정적'에서 '안정적'으로 변경했다. 이로써 3대 국제 신용평가사(S&P, 피치, 무디스) 모두 미국에 더 이상 최고 신용등급을 부여하지 않게 되었다.무디스는 지난 10년간 지속된 미국의 국가 부채 증가와 이자 지급 비율 등이 다른 유사 등급 국가들보다 현저히 높은 수준이라고 지적했다. 미 의회예산국(CBO)은 올해 미국의 재정적자가 약 1조 9천억 달러에 달하고, 10년 뒤에는 2조 7천억 달러까지 증가할 수 있다고 경고한 바 있다.무디스는 미 연방정부의 공공 부채 비율이 2024년 기준 국내총생산(GDP) 대비 98%에서 2035년에는 134%까지 증가하고, 이자 지급액이 세수에서 차지하는 비중은 같은 기간 약 18%에서 약 30%까지 늘어날 것으로 전망했다.또한, 무디스는 현행 재정 정책들을 고려할 때 2017년 도입된 감세·일자리 법안이 연장될 경우 향후 10년간 연방 재정에 약 4조 달러의 추가 적자를 유발할 수 있다고 예상했다. 이는 역대 미국 행정부와 의회가 재정 적자 및 이자 비용 증가 추세를 되돌릴 조치에 합의하지 못한 상황과 맞물려 재정 건전성에 대한 우려를 더하고 있다.다만, 무디스는 미국의 거대한 경제 규모, 높은 평균 소득, 기축통화인 달러의 지위, 연방준비제도(Fed·연준)의 효과적인 통화 정책 등을 감안해 신용등급 하향에도 불구하고 등급 전망은 '안정적'으로 평가했다.세계 최고 수준이던 미국의 신용등급은 2011년 8월 스탠더드앤드푸어스(S&P)가 'AAA'에서 'AA+'로 처음 하향 조정했다. 이는 1941년 S&P가 미국에 신용등급을 부여하기 시작한 이래 70년 만의 일로, 기축통화인 달러 발행에 기반한 미국의 경제적 위상에 대한 경고로 여겨진다.다른 신용평가기관인 피치(Fitch)도 2023년 8월 미국의 국가 신용등급을 'AAA'에서 'AA+'로 강등했다. 당시 피치는 ""향후 3년간 예상되는 미국의 재정 악화와 국가채무 부담 증가, 거버넌스의 악화 등을 반영했다""고 밝히며 미국 재정 적자와 정치 시스템에 대한 우려를 제기한 바 있다.무디스의 발표 직후 금융 시장도 민감하게 반응했다. 이날 미국 10년 만기 국채금리는 장중 1bp(1bp=0.01%포인트)가량 하락하다 무디스의 발표가 공개된 직후 3bp 뛰어 4.48% 선까지 올라왔다. 30년 만기 미 국채금리도 4.96%대까지 상승하는 등 채권 시장에서 변동성이 나타났다.● 뉴욕증시, 경제 지표 부진에도 상승세…노보노디스크 CEO 교체 충격미국 뉴욕증시는 이날 발표된 일부 경제 지표의 부진에도 불구하고, 주간 단위로 이어진 상승세를 지켜냈다. 뉴욕증권거래소(NYSE)에서 S&P500 지수는 전 거래일보다 0.7% 상승한 5,958.38에, 나스닥 종합지수는 약 0.5% 오른 19,211.10으로 마감했다. 다우존스 산업평균지수 역시 0.78% 상승한 42,654.74로 장을 마치며, 연초 이후의 하락분을 모두 만회하는 모습을 보였다.이번 주 증시 상승은 미국과 중국이 90일간의 한시적 관세 유예에 합의했다는 소식이 크게 작용한 것으로 분석된다. 이 영향으로 주간 기준 S&P500 지수는 5.3%, 나스닥 지수는 7.2% 급등했으며, 다우 지수도 3.4% 상승 마감했다.시장이 활기를 되찾으면서 미국 개인 투자자들의 심리도 다소 개선됐다. 미 개인투자자협회(AAII)가 집계한 향후 6개월 시장 전망에 따르면, 투자자 중 35.9%가 낙관적인 전망을, 44.4%는 비관적인 전망을 내놨다. 비관론이 여전히 우세하지만, 낙관적 응답 비율은 올해 1월 이후 가장 높은 수준을 기록했다.그러나 소비자 심리는 여전히 불안한 모습이다. 미시간대학교가 발표한 5월 소비자심리지수 잠정치는 50.8로, 전월 확정치인 52.2에서 추가 하락했다. 또한, 향후 1년 단기 기대 인플레이션은 7.3%로 급등해 1981년 이후 최고치를 경신했으며, 5년 이상 장기 기대 인플레이션도 연 4.6%로 34년 만에 가장 높은 수준으로 치솟았다.이러한 미·중 간의 긴장 완화 분위기 속에서도, 도널드 트럼프 대통령은 향후 교역 정책에 대한 강경한 입장을 시사했다. 중동 순방을 마치고 귀국한 트럼프 대통령은 이날 에어포스원에서 열린 약식 기자회견에서 ""각국에 새로운 관세율을 담은 서한을 보낼 것""이라고 언급하며, 행정명령을 통한 관세 정책 적용에 속도를 낼 수 있음을 내비쳤다.뉴욕 증시의 주요 종목별 움직임을 보면, 비만 치료제 신약 임상 결과가 기대에 미치지 못한 노보 노디스크는 최고경영자(CEO) 전격 교체 소식까지 더해지며 2.67% 하락했다. 반면, 경구용 비만 치료제 등에서 긍정적인 임상 데이터를 발표한 경쟁사 일라이 릴리는 3.29% 상승하며 대조를 이뤘다.암호화폐 거래소 코인베이스는 미국 증권거래위원회(SEC)의 규제 위협이 과장되었다는 일부 월가 분석과 최근 발생한 랜섬웨어 공격 이후 경영진의 신속한 대응에 힘입어 9% 반등했다. 코인베이스의 공동창업자인 브라이언 암스트롱은 전날 소셜미디어 영상을 통해 해커들이 요구한 2천만 달러를 용의자 검거를 위한 포상금으로 내걸고, 피해 고객 보상 및 시스템 개편에 나서겠다고 밝힌 바 있다.한편, 실적 악화와 CEO 사임 등으로 연초 대비 주가가 큰 폭으로 하락했던 유나이티드헬스 그룹도 주요 임원들의 자사주 매입 소식에 6.4% 반등했다. 이밖에 헬스케어, 보험, 금융, 필수소비재, 통신 관련주들이 이날 전반적인 상승세를 주도했다."
"트럼프가 주목하는 투자 방법, 나한테도 효과 있을까?",https://n.news.naver.com/mnews/article/009/0005494060,매일경제,2025-05-17 06:54:10,"트럼프, 단기물 중심 국채 발행해 장기 금리 하락 유도재정부담 완화, 증시 활성화 등 목적…대응 전략 눈길도널드 트럼프 미국 대통령 [사진 출처 = 연합뉴스]도널드 트럼프 미국 대통령이 ‘미국 국채 10년물 금리’를 인하하려는 움직임을 보이자, 투자자들 사이에선 해당 정책에 발맞춘 투자 전략에 대한 관심이 높아지고 있다. 10년물 국채 금리는 가장 널리 거래되는 만기로, 미국 경제의 장기적인 성장 전망을 반영하는 중요한 지표다.16일(현지시간) 간밤 뉴욕 채권 시장의 강세 흐름을 이어가면서 미국 국채 10년물 금리는 전일대비0.30베이시스포인트(bp·1bp=0.01%포인트) 내린 4.4320%를 나타냈다. 국채 금리와 가격은 반대로 움직인다.17일(한국시간) 하나금융연구소에 따르면 트럼프 행정부는 단기물 중심의 국채 발행 유지로 장기 금리 하락을 유도하고 있다. 고관세 정책을 활용해 경기 둔화 압력을 조성, 이를 통해 연준의 추가 금리 인하를 유도하고 있단 설명이다. 이는 국채 발행 구조 조정을 통해 장기물 공급 부담을 완화하려는 시도로 풀이된다.민현하 하나금융연구소 연구원은 “트럼프 행정부는 재정적자 축소 및 국채 발행 비용 절감을 목표로 하고 있으며” “장기 금리 하락을 유도하기 위한 다양한 정책적 대응을 모색 중”이라고 진단했다.미 행정부 차원에서 트럼프 대통령이 낮추려고 하는 금리는 연방준비제도(연준·Fed)가 결정하는 기준금리가 아닌 ‘10년 만기 국채 금리’란 언급이 나오기도 했다.트럼프 행정부의 초대 재무부 장관인 스콧 베센트 장관은 지난 2월 폭스비즈니스 인터뷰에서 트럼프 대통령의 금리 인하 촉구에 대한 질문에 “그와 나는 미국 국채 10년물 금리에 초점을 맞추고 있다”며 “그는 연준에 금리를 인하하라고 촉구하는 게 아니다”라고 답했다.달러화 [사진 출처 = 연합뉴스]트럼프 대통령이 미국 국채 10년물 금리 하락에 주목하는 이유로 각종 긍정적인 정책 효과가 거론된다.현재 미국 정부는 막대한 국채를 발행하고 있는데, 금리가 낮아지면 이자 비용이 줄어 재정 부담이 완화될 것이란 계산이 나온다. 트럼프 행정부는 감세 정책을 추진하면서 재정 적자가 확대됐는데, 국채 금리 하락은 정부의 재정 운용에 도움이 될 것으로 예상된다.국채 금리가 낮아지면 기업과 개인이 저렴한 금리로 대출을 받을 수 있어 투자와 소비가 증가할 가능성도 크다. 이는 트럼프 대통령이 강조하는 경제 성장 목표와 맞물려 있다.또 국채 금리가 하락하면 상대적으로 주식시장이 매력적인 투자처가 돼 자금 유입 가능성이 높아진다.증권가에선 이에 발맞춘 투자 전략에 주목하고 있다.김일혁 KB증권 연구원은 “ 미국 국채 시장은 유동성이 매우 높기 때문에, 단기 관점에서 진입하는 투자자들이 유동성 걱정을 크게 하지 않고 진입할 수 있는 시장”이라고 평가했다.김상훈 하나증권 연구원은 “올해 1분기 말 미국채 금리에 평균 변화량을 적용하면 올해 말까지 미국채 10년물은 4.34%로 산출된다”며 “과거 스태그플레이션 국면을 감안하더라도 미국채 10년물은 4.3% 상회시 분할 매수로의 대응이 적절하다”고 말했다."
상속받은 재산보다 세금이 더 많을 수도… ‘PBR 0.8배’법 개정안의 맹점,https://n.news.naver.com/mnews/article/366/0001077891,조선비즈,2025-05-17 06:01:36,"이소영 더불어민주당 의원 주도로 상속·증여세법 개정안 발의경영권을 승계해야 하는 최대 주주가 상속·증여세 부담을 줄이기 위해 인위적으로 주가를 짓누르는 사례를 막기 위한 법안이 발의됐다. 주가순자산비율(PBR·시가총액 ÷ 순자산)이 0.8배 미만인 상장 주식은 비상장 주식처럼 세금을 매기도록 하는 내용이다.해당 법안을 발의한 더불어민주당 이소영 의원은 만성적인 한국 주식의 저평가 문제를 해소할 묘안이라고 주장하지만, 업종별 특수성을 고려하지 않아 빈틈이 많다는 지적이 나온다.모든 상장사에 해당 내용을 일괄적으로 적용하면 극단적으로 상속받은 재산을 전부 세금으로 내야 하는 경우가 발생하기 때문이다. 예를 들어 내가 물려받을 주식 자산은 굴뚝 기업이라 PBR이 0.3배인데, 세금은 0.8배로 내야 한다면 물려받는 것보다 상속세가 더 커지게 된다.조선DB17일 금융투자업계에 따르면 최근 이소영 더불어민주당 의원이 대표 발의한 상속세 및 증여세법 개정안은 PBR 0.8배 미만인 상장 주식은 비상장 주식처럼 자산·수익 등을 반영한 평가 방식을 적용하고, 평가 가액의 하한선을 순자산가치의 80%로 설정하도록 하는 것을 골자로 한다. 대신 최대 주주의 상속·증여세 20% 가산세율을 폐지하기로 했다.이 의원 등은 개정안 제안 이유를 “상장주식의 경우 낮은 주가가 상속·증여에 더 유리한 상황”이라며 “경영권 승계 작업이 이뤄지는 기업들의 경우 사업적 목적 외의 석연치 않은 계열사 간 주식 매매 및 유상증자, 합병, 분할 등을 통해 주가 저평가를 유도한다는 비판을 받아 왔고, 한국 시장에서 PBR 1배 미만의 저평가 주식이 넘쳐나는 원인으로 지목되고 있다”고 했다.만약 이 개정안이 국회 문턱을 넘어 시행되면 어떻게 달라질까. 최대 주주가 고령인 제조 분야 대기업 A사를 두고 비교해 봤다. 현행법상 상속세는 상속자 사망일 전후 2개월 상장 주식 평균가를 기준으로 한다. A사 최대 주주 지분율은 5.4%로, 단순 계산하면 2조2000억원의 가치가 있다. 여기에 가산세율을 반영한 상속세 최고 세율 60%를 적용하면 상속세 1조3200억원가량을 내야 한다.A사는 전날 종가 기준 PBR이 0.48배 수준이다. 이에 개정안대로 순자산가치의 80%에서 가산세율 없이 최고세율 50%만 부과하면 상속세 1조8500억원이 발생한다. 상속세가 5000억원 넘게 불어나 상장주식 시가의 85%를 상속세로 내야 한다.PBR 0.35배 수준인 또 다른 제조기업 B사의 경우는 더 극단적이다. 최대 주주 지분율 14.2%의 가치는 270억원 수준이다. 현행법대로면 160억여원의 상속세가 나온다. 하지만 개정안에 맞춰 이 회사의 순자산 가치 기준으로 따지면 상속세가 310억원이다. 물려받은 재산보다 더 많은 세금을 내야 하는 셈이다.물론 상장 주식의 가치를 부양해 PBR 0.8배 이상인 경우 B사처럼 배보다 배꼽이 더 큰 상황은 피할 수 있다. 문제는 PBR이 공장 대지부터 생산 설비 등 자산 비중이 큰 장치 산업일수록 높이기가 어렵다는 점이다. 세계 최대 철강사인 아르셀로미탈도 PBR이 0.4배 안팎에 머물고 있고, 미국 제너럴모터스(GM) PBR도 0.8배에 못 미친다.반대로 적은 자산에 비해 성장 기대치가 큰 바이오 산업의 경우 PBR이 높다. 최근 상장폐지 실질 심사까지 받으면서 거래 정지 상태인 코스닥시장 바이오 기업 C사의 PBR은 80배를 웃돌았다. 금융투자업계 관계자는 “업종별 밸류에이션(Valuation·기업 평가 가치)을 고려하지 않고 획일적으로 규제하면 반드시 부작용이 뒤따를 것”이라고 했다.PBR 0.8배라는 기준도 코스피200지수 내 기업 평균치일 뿐 특별한 함의를 지니는 것은 아니다. 브라질, 태국 등에도 PBR이 뒤처지는 상황을 개선하려면 제도가 더 정교해질 필요가 있다는 의견이 나온다.독립리서치 활동을 하는 또 다른 업계 관계자는 “예를 들어 PBR이 0.8배를 웃도는 기업 입장에서도 개정안이 시행되면 ‘굳이 더 기업 가치를 올릴 필요가 없구나’라고 생각할 수도 있지 않느냐”며 “상속·증여세를 줄여주는 게 가장 확실한 방법인데, 이건 또 싫으니까 자꾸 딴 길로 새는 것”이라고 말했다."
“연봉 이만큼 준 이유는요”… 임원보수 의무 공시 항목 늘어난다,https://n.news.naver.com/mnews/article/366/0001077886,조선비즈,2025-05-17 06:01:22,"당초 6월 발표 예정이었으나 지연될 가능성기업이 임원에게 지급한 보수를 공시할 때 투자자에게 알려야 할 내용이 지금보다 많아진다. 현재는 ‘누구에게 얼마를 줬다’ 정도만 공개하는 수준이지만, 앞으로는 임원에게 이 정도 연봉을 책정한 기준이 무엇인지 성과와 보수의 상관관계가 합리적인지 등을 보다 구체적으로 기재해야 할 전망이다.일러스트=챗GPT 달리317일 금융당국 고위 관계자는 현재 정부가 마련하고 있는 임원 보수 공시 개선안과 관련 “그간 시장과 전문가들이 제기한 임원 보수 공시 관련 문제점을 중심으로 (개선안을) 준비 중”이라며 “기업이 공시해야 하는 항목을 지금보다 대폭 늘려 세분화·구체화할 방침”이라고 했다.상장사는 금융감독원 기업공시시스템에 올리는 사업보고서 등을 통해 임원 보수 내역을 공시하고 있다. 연봉 5억원 이상인 등기이사의 보수는 개별 공시하고, 미등기 임원 전체에 대해서는 1인당 평균 연봉을 공개하는 식이다. 보수 종류는 급여·성과급·퇴직소득 등이다. 주주총회에서 승인된 임원 보수 총액 한도도 공시된다.다만 임원에게 왜 이 정도의 돈을 지급했는지 보수 산정 기준에 대해서는 상세한 설명이 없는 상태다. 상장사가 지급 기준을 기재하더라도 ‘보수 규정을 준수해 지급했다’는 식의 원론적인 설명만 담길 뿐이다. 이렇다 보니 실적에 비해 과도한 보수를 받는 임원이 있어도 주주로선 이의를 제기하기 힘든 구조였다.임원 보수 공시가 ‘깜깜이’라는 지적이 잇따르자 금융당국은 지난해부터 제도 개선 작업에 착수했다. 미국 등 자본시장 선진국의 임원 보수 공시 제도를 참고삼아 우리나라 제도를 보완했다. 미국은 2008년 글로벌 금융위기 이후 제정된 금융개혁법안 ‘도드-프랭크법’에 근거해 임원 보수 공시를 엄격하게 하고 있다.선진 시장 사례를 토대로 우리 금융당국도 임원의 성과 목표가 무엇이고, 목표 달성 수준을 어떤 평가지표를 적용해 측정했는지 등을 상세히 공시하도록 항목을 세분화할 것으로 보인다. 보수와 성과 사이의 관계(pay versus performance)뿐 아니라 임원과 일반 직원의 보수 격차 정보 등도 담길 수 있다는 관측이 나온다.다만 미국은 2022년부터 주총 소집 공고 등에 주요 임원의 보수와 재무적 성과에 관한 최근 5년 치 내용을 모두 정리해 공시하도록 하는데, 한국 정부는 여기까지는 고려하고 있지 않은 것으로 알려졌다. 또 비상장 계열사로부터 받는 보수에 공시 의무를 부과하는 방안도 담기지 않을 것으로 보인다.금융당국 관계자는 “주주의 알 권리를 강화하는 것도 중요하지만 동시에 기업의 경영활동을 지나치게 위축시켜서도 안 된다”며 “그 중간에서 적절한 타협점을 찾고 있다”고 했다. 이 관계자는 “(임원 보수 공시 개선 방안에 담길) 세부적인 항목은 확정된 게 없다”고 덧붙였다.당초 금융당국은 임원 보수 공시 개선 방안을 6월 중 발표할 계획이었지만, 지연될 가능성이 있다.예기치 못한 계엄 사태와 대통령 파면, 6·3 조기 대선 정국이 이어지고 있어 당국 스케줄대로 발표할 수 있을지는 미지수인 상황이다. 정부 관계자는 “지금은 누구도 정책 발표가 일정대로 진행될지 알 수 없는 시기”라며 “과거 새 정부 출범 직후 상황을 떠올려 보면 쉽진 않을 것 같다”고 했다."
'티니핑' 높은 실적으로 신고가 갈아치운 SAMG...하반기 전망은,https://n.news.naver.com/mnews/article/014/0005350795,파이낸셜뉴스,2025-05-17 06:01:13,"어린이날인 지난 5일 경기 고양시 일산서구 현대 모터스튜디오 고양에서 인기 애니메이션 '캐치! 티니핑'과 협업해 열린 '유스 어드벤처' 전시회에서 어린이가 장난감을 살펴보고 있다. /사진=뉴스1[파이낸셜뉴스] 국내 캐릭터 콘텐츠 전문기업 SAMG엔터테인먼트가 상장 이후 처음으로 주가 6만 원대를 돌파하며 신고가를 경신했다. 자체 IP '티니핑' 시리즈의 인기가 국내를 넘어 해외로 확산하는 가운데, 올 1·4분기 시장 기대치를 크게 웃도는 실적을 발표하며 투자심리를 자극한 것으로 풀이된다.17일 한국거래소에 따르면 전날 SAMG엔터는 전일 대비 0.81% 상승한 6만2500원에 거래를 마쳤다.SAMG엔터는 1·4분기 연결 기준 매출 357억 원, 영업이익 63억 원을 기록했다. 매출액은 작년 동기 대비 41% 상승했고 영업이익은 흑자 전환에 성공하며 깜짝 실적(어닝서프라이즈)를 달성했다.제품 매출은 268억 원으로 35% 증가했고, 고마진 라이선스 매출은 76억 원으로 103% 급증했다. 지난해 재고 정리와 유통망 내재화가 마무리된 덕분에 비용 구조도 안정됐다. 매출원가율은 85%에서 62%로, 판관비율은 38%에서 21%로 낮아지며 수익성이 크게 개선됐다.전문가들은 티니핑 IP를 중심으로 한 외연 확장도 순항 중이라고 평가했다. SM엔터테인먼트 신인 걸그룹 '하츠투하츠'와의 컬래버 콘텐츠가 하반기 공개를 앞두고 있어 10대와 MZ세대까지 팬층을 넓힐 것이라고 전망했다. 티니핑TV 유튜브 채널은 구독자 159만 명, 누적 조회수 14억 회를 넘어섰고, 글로벌 시장을 겨냥한 OSMU(원소스멀티유즈) 전략도 본격화하고 있다. 최근에는 기아타이거즈, 현대차, 파리바게뜨 등과의 협업이 잇따르며 인지도를 더욱 끌어올리고 있다.증권가에서는 하반기 실적과 밸류에이션 모두 추가 상승 여력이 충분하다고 평가했다. 김아람 신한투자증권 선임연구원은 ""한 번 인기를 얻은 캐릭터 IP는 브랜드 인지도를 기반으로 제품과 라이선스 매출이 선순환하는 구조를 갖췄다""며 ""국내외 주요 IP 기업 평균 PER 30~40배와 비교해도 멀티플 확장 가능성이 높다""고 설명했다."
"드라마틱한 금리인하 없다는 파월···중금리 시대, 투자전략은?",https://n.news.naver.com/mnews/article/008/0005195339,머니투데이,2025-05-17 06:00:00,"미국 기준금리(연방기금 금리 목표 범위) 추이/그래픽=윤선정제롬 파월 미국 연방준비제도(Fed·연준) 의장이 인플레이션 불안정성을 강조한 것에 대해 시장은 향후 드라마틱한 금리 인하를 부정한 것으로 해석한다. 중금리 시대가 지속될 수 있다는 의미로 투자전략  변화에 대한 고민이 깊어진다. 전문가들은 밸류에이션(가치평가) 하락이 예상되기 때문에 안전자산을 찾거나 성장주에 관심을 기울일 필요가 있다고 조언한다.지난 15일(현지시간) 제롬 의장은 미국 워싱턴DC 연준 본부에서 열린 연구 컨퍼런스 개회사에서 향후 인플레이션 변동성이 2010년대보다 더 클 수 있다는 평가를 반영해 연준 통화정책 운영체계를 손질 중이라는 내용을 밝혔다. 장기 인플레이션 기대치가 연준 목표치에 도달해도 당분간 제로금리 시대로의 회귀는 어렵다는 점도 언급했다.연준은 도널드 트럼프 미국 대통령의 압박에도 불구하고 기준금리를 4.25~4.5%로 최근 3회 연속 동결했다. 6월 인하 가능성도 줄어드는 상황이다. 올해 3차례 정도 기준금리 인하가 점쳐지기도 했지만 일부에선 2차례에 그칠 것이란 의견도 제기한다.이날 파월 의장의 발언도 금리 인하 기조는 유지하되, 드라마틱한 인하는 없을 것이란 의견을 간접적으로 제시했다는 분석이 지배적이다.이에 따라 시장에서는 중금리 상황이 생각보다 길어질 수 있다는 분석을 내놓는다. 결과적으로 투자자들에겐 애매한 시장환경이 조성됐다는 전망이 나올 수 있다. 투자 방향 역시 전략적으로 선택해야 한다는 것이 전문가들의 공통된 의견이다.일반적으로 고금리 시대에는 채권이, 저금리 시대에는 주식이 투자자들에게 적절한 투자 방향성으로 꼽힌다. 고금리 상황에서는 채권 수익률이 예금이나 주식보다 높아 안정적일 수 있고, 저금리 상황에서는 기업 자금 흐름이 좋아져 양호한 경영 결과가 주식 상승으로도 이어질 수 있어서다.그러나 당초 금리 인하가 기대됐던 시장에서의 중금리 장기화는 자칫 기대했던 시장 밸류에이션을 떨어트리는 결과로 이어지는 경향을 보인다. 주식 시장을 기다리기보다는 안전자산으로 포트폴리오를 재분배하는 선택지를 고민해볼 필요성이 우선 제기된다.한지영 키움증권 연구원은 ""중금리로 고착이되면 밸류에이션 상 할인율이 구조적으로 높아질 수 있다""며 ""이는 PER(주가수익비율)을 이용해 매수와 매도를 판단하는 투자자들의 판단기준을 모호하게 할 가능성이 있다""고 말했다.미래 수익에 대한 할인율이 크게 높아지지 않을 것으로 예상되는 성장주 투자를 조언하는 전문가들도 있다. 별다른 모멘텀이 없는 시장에서는 차별적인 성장을 보이는 쪽으로 큰손들의 자금과 관심이 몰리는 경향을 주의 깊게 봐야 한다는 주장이다.이경민 대신증권 FICC(채권·외환·원자재) 부장은 ""AI(인공지능)나 관련 소프트웨어주, 기술주 등에 대한 관심을 꾸준히 가질 필요가 있다""며 ""대선 이후 정책 방향성이 바뀜에 따라 영향을 받을 관련 성장주들도 투자자들이 주목해야 한다""고 말했다."
"""과소평가해서 미안하다""…주가 123만원 찍은 삼양식품[종목현미경]",https://n.news.naver.com/mnews/article/421/0008256106,뉴스1,2025-05-17 06:00:00,"사상 최대 실적 발표에 사상 최고가…황제주 등극증권가 ""증설효과로 성장세 지속""…목표가 170만원도서울의 한 대형마트에서 외국인관광객이 라면을 구입하고 있다. 2024.5.19/뉴스1 ⓒ News1 박지혜 기자(서울=뉴스1) 한유주 기자 = 지난 12일 장중 '황제주'에 등극한 삼양식품(003230)이 1분기 사상 최대 실적발표에 힘입어 15일 사상 최고가를 기록했다. 1년 전 30만원 대에 불과했던 주가는 이날 123만3000원까지 올라서며, 시가총액 50위권에 진입했다. 130만원까지 목표주가를 설정했던 증권가는 ""과소평가해서 미안하다""며 최고 170만원까지 올려잡았다.삼양식품은 엄연한 '수출주'로 우뚝 섰다. 경쟁사 농심이 내수 경기 악화로 1분기 저조한 실적을 보인 것과 달리 삼양식품은 80%에 달하는 해외 매출을 기반으로 역대 최고 실적을 냈다. 1분기 연결 기준 영업이익은 전년 동기보다 67% 증가한 1340억 원으로 시장 예상치(1050억원)를 30% 가까이 상회했다.흥행 비결은 당연 '불닭' 시리즈다. 불닭볶음면이 세상에 나온 2012년 4월 13일 삼양식품 주가는 2만7600원에 불과했다.출시 당시 국내에선 '매운맛 라면'으로 인기를 끌었지만, 너무 맵다는 이유로 수출은 꿈도 못 꿨다. 그러다 2014년 유튜버 '영국남자'가 친구들과 불닭볶음면을 먹는 영상이 인기를 끌며 관심을 불러일으켰다. 이후 지난해 3월 미국 래퍼 카디 비가 '까르보 불닭볶음면'을 먹는 틱톡 영상이 한 달 만에 3000만 조회수를 기록하며 도화선이 됐다. 생일선물로 불닭볶음면을 받은 미국 소녀가 오열하는 영상은 조회수 1억을 넘기며 세계적 인기에 불을 지폈다.챌린지가 성공한 뒤 수출국가는 100여개국으로 늘어났다. 미국에선 월마트, 코스트코, 크로거 등 주요 유통채널에서 판매가 늘며 올 1분기 전년 대비 62% 증가한 9100만달러의 매출을 냈다. 유럽에서도 네덜란드 알버트 하인, 독일의 레베 등 대형 유통망에 입점하며 1600만 유로의 매출을 올렸다. 세계적 인지도가 오르면서 이탈리아, 프랑스, 중국 시장에서도 진출이 활발해지고 있다. 2011년 삼양식품 전체 매출의 7% 수준이던 수출 비중은 올 1분기 80%(4240억원)까지 늘어났다.하반기 실적 전망도 '쨍쨍'하다. 증권가에선 오는 7월 본격 가동하는 밀양 2공장에 이어 2027년부터 가동될 중국 공장 증설 효과까지 고려하면 관세와 환율 불확실성도 상쇄할 것이란 전망이 나온다.박상준 키움증권 연구원은 ""최근 원화 강세 영향으로 2분기 평균판매단가(ASP) 상승세는 다소 주춤할 수 있지만 밀양 2공장 완공으로 글로벌 공급 부족 현상 대응이 원활해지면서 중기적으로 판매량과 ASP 상승세가 가속화될 것으로 보인다""고 밝혔다.김태현 IBK투자증권 연구원도 ""밀양 2공장 완전가동 시 생산능력이 지금보다 40%가량 늘어날 것으로 보이며 미국과 유럽용 고단가 제품 중심으로 생산이 이뤄지면서 매출 기준으론 60% 이상의 기여가 가능할 것""이라고 전망했다.다만 매출의 절반에 달하는 '불닭' 의존도가 발목을 잡을 수 있다는 우려도 나온다. 상품 라인업이 다양한 경쟁사와 비교해 불닭시리즈 의존도가 너무 높고 '맵탱' '탱글' 등 후속 상품의 반향이 아직 미미한 점은 위험 요인으로 지목된다."
"뉴욕증시, 소비심리 꺾여도 주가는 간다…동반 강세 마감",https://n.news.naver.com/mnews/article/001/0015393946,연합뉴스,2025-05-17 05:52:11,"(뉴욕=연합뉴스) 진정호 연합인포맥스 특파원 = 뉴욕증시의 3대 주가지수가 동반 강세를 보였다.미·중 무역협상 결과로 형성된 낙관론이 이번 주 내내 증시를 지배했고 이날도 주가에 탄력을 제공했다.미국 소비자심리지수가 5월에도 꺾였고 1년 기대 인플레이션은 1981년 이후 최고치로 뛰었으나 투자자들은 일단 눈앞의 불확실성 완화에 비중을 뒀다.뉴욕증권거래소[연합뉴스 자료사진]16일(미국 동부시간) 뉴욕증권거래소(NYSE)에서 장 마감 무렵 다우존스30산업평균지수는 전장보다 331.99포인트(0.78%) 상승한 42,654.74에 거래를 마감했다.스탠더드앤드푸어스(S&P)500지수는 전장보다 41.45포인트(0.70%) 뛴 5,958.38, 나스닥종합지수는 98.78포인트(0.52%) 상승한 19,211.10에 장을 마쳤다.S&P500 지수는 이번 주 모든 거래일에 상승했다. 지난 4월 22일 2.51% 급등한 이후 이날까지 약세를 보인 날은 단 3거래일에 불과하다.미국이 중국에 관세 폭탄을 투하하고 중국이 보복에 나서면서 촉발된 급락장은 서로 관세를 유예하기로 하면서 급등장으로 변했다.미국 5월 소비자심리지수는 또다시 하락했고 단기 기대 인플레이션은 거듭 비정상적 상승폭을 보였으나 투자자들은 크게 개의치 않았다.미시간대에 따르면 5월 소비자심리지수 예비치는 50.8로 집계됐다. 4월 확정치 52.2에서 1.4포인트 하락한 수치다. 시장 예상치 53.4였다.1년 기대 인플레이션 또한 4월의 6.5%에서 7.3%까지 뛰었다. 1981년 이후 최고치다.해리스파이낸셜그룹의 제이미 콕스 매니징 파트너는 ""한때 관세가 인플레이션을 즉시 급등시킬 것이라고 확신했던 사람들의 기본 시나리오는 실제 데이터에선 뒷받침되지 않고 있다""며 ""미국 소비자들은 우려한다고 말할지 모르지만 실제로는 그들이 우려하는 만큼 지출을 하지 않는 것이 아니다""라고 분석했다.리솔츠웰스매니지먼트의 칼리 콕스 수석 시장전략가는 ""이번 주는 대중 관세 인하에 대한 안도감이 시장을 지배했다""며 ""경제 지표보다는 투자 심리에 따른 매수세가 우위를 점했다""고 진단했다.도널드 트럼프 미국 대통령은 이날 몇 주 안에 주요 교역국에 대한 관세를 책정할 것이라고 밝혔으나 시장은 귀를 기울이지 않았다.그는 아랍에미리트(UAE)에서 기업인들과 만나 ""우리와 협정을 체결하고자 하는 국가가 150개국이나 되지만, 그렇게 많은 국가를 볼 수 없다""며 ""앞으로 2~3주 안에 스콧(베선트 재무부 장관)과 하워드(러트닉 상무부 장관)가 서한을 보낼 것으로 생각한다""고 말했다.업종별로 보면 에너지를 제외한 모든 업종이 올랐다. 필수소비재와 의료건강, 산업, 부동산, 유틸리티는 1% 이상 올랐다. 전반적으로 우량주가 더 강세를 보인 날이었다.종목별로는 미국 2위 케이블 기업인 차터커뮤니케이션이 비상장 기업 콕스커뮤니케이션과 345억달러 규모의 합병에 합의했다고 발표하며 주가가 2% 가까이 상승했다.반도체 제조업체 어플라이드머티어리얼즈는 올해 1분기 실적이 시장 예상치를 하회했다고 발표한 여파로 주가가 5% 넘게 밀렸다.미국 최대 보험사 유나이티드헬스그룹은 6.40% 오르며 모처럼 반등했다. 유나이티드는 이번 주에만 15일 10.93%, 13일 17.79% 급락하는 등 연일 급락 흐름이었다.이날은 총 2조8천억 달러 규모의 옵션 계약 만기가 돌아오는 '옵션 만기 금요일'이었다. 이는 5월 기준 역대 최대 규모다.시카고상품거래소(CME) 페드워치툴에 따르면 연방기금금리 선물시장에서 7월 기준금리가 동결될 확률은 91.66.9%로 반영됐다. 전날 마감 무렵에서 3%포인트가량 상승했다.시카고옵션거래소(CBOE) 변동성 지수(VIX)는 전장보다 0.59포인트(3.31%) 내린 17.24를 기록했다.jhjin@yna.co.kr"
"[속보]美소비자 심리 위축 불구 미중 긴장완화 안도 지속…S&P500, 0.7%↑",https://n.news.naver.com/mnews/article/011/0004486362,서울경제,2025-05-17 05:19:08,"다우존스 0.78%↑, 나스닥 0.52%↑[서울경제]미국 소비자들의 경제에 대한 인식이 5월 들어 더욱 악화됐다는 소식에도 불구하고 미국 뉴욕 증시의 3대 지수가 상승 마감했다. 소비자들의 불안과 별개로 도널드 트럼프 미국 대통령의 관세 전쟁이 최악의 순간은 지났다는 안도감이 증시에서 계속 이어지고 있다.16일(현지 시간) 뉴욕 증시에서 다우존스30산업평균지수는 331.99포인트(+0.78%) 오른 4만2654.74에 거래를 마쳤다. 스탠더드앤드푸어스(S&P)500은 41.45포인트(+0.7%) 상승한 5958.38에, 기술주 중심의 나스닥종합지수는 98.78포인트(+0.52%) 오른 1만9211.10에 장을 마감했다. 골드만삭스 자산운용의 멀티에셋 솔루션 부문 글로벌 공동 최고투자책임자(CIO)인 알렉산드라 윌슨 엘리존은 “관세를 90일 동안이라도 미룬 동안 예산이나 세금 감면, 규제 완화(등 다음 의제)로 나아가기 시작할 것”이라며 “상당한 변동성과 실행 위험은 여전하지만 대부분의 나쁜 소식은 이미 지나갔다”고 이날 상승 배경을 해석했다.이날 개장 전 블룸버그통신과 월스트리트저널(WSJ) 등은 트럼프 대통령이 상대국에 대한 관세율을 정해 통지하는 방식으로 관세 정책을 처리할 것이란 소식을 전했다. 주요 외신에 따르면 트럼프 대통령은 이날 중동 순방 중 무역 협상에 대해 “앞으로 2~3주 안에 스콧 베선트 재무 장관과 하워드 러트닉 상무 장관이 사람들에게 편지를 보낼 것 같다”며 “아주 공평한 내용인데 미국에서 사업을 하려면 얼마를 내야 하는지 알려줄 것”이라고 말했다. 상호관세 유예 조치가 만료되는 7월 초 까지 모든 무역 상대국과 협상이 역부족이라고 보고 사실상 관세를 확정해 통보하겠다는 구상으로 풀이된다. 트럼프 대통령이 어떤 국가에 서한을 보낼지는 밝히지 않았다. 증시는 이 발언이 알려진 직후 소폭 상승세로 장을 시작했다. 어떤 형태든 7월로 예정된 유예 기간 내 불확실성을 처리하려는 의지가 있다는 신호로 해석했다.이후 미시간대 5월 소비자심리지수 잠정치가 50.8로 4월(52.2)는 물론 시장 전망치(53.5)를 밑돌면서 증시는 잠시 하락 영역으로 진입하기도 했다. 특히 향후 경제 전망인 기대 지수는 같은 기간 47.3에서 46.5로 하락했다. 3개월간 누적 하락폭이 32.4%에 달해, 전월에 이어 다시 한번 1990년 경기 침체 이후 최대 낙폭 수준을 이어갔다. 이번 조사는 4월 22일부터 5월 13일까지 진행됐다. 12일 미국과 중국의 무역 합의 발표일과 그 다음날이 조사 기간에 포함된다.관세에 따른 인플레이션 전망도 급등했다. 앞으로 1년 뒤 물가상승률 전망치는 7.3%에 이르렀다. 전월 6.5%에서 추가 상승했다. 1981년 이후 최고치다. 5~10년 뒤 장기 인플레이션 기대도 전 월 4.4%에서 이번 달 4.6%로 상승했다. 이는 1991년 이후 최고치다."
"'알짜' 바이오비쥬 상장, 청담글로벌 경영권 우려 탓?[체크!코스닥]",https://n.news.naver.com/mnews/article/417/0001077497,머니S,2025-05-17 05:00:00,"청담글로벌 자회사 바이오비쥬, 높은 할인율에 공모 흥행알짜 자회사 떼어내는 청담글로벌은 주주가치 훼손 우려[편집자주] [체크!코스닥]은 국내 코스닥 상장 기업에 대한 투자 궁금증을 속시원하게 풀어주는 코너입니다.미용 기업 청담글로벌이 미용 의료 자회사 바이오비쥬를 상장하면서 모회사 주주가치 훼손 우려가 나온다. 사진은 지난해 아랍헬스 바이오비쥬 부스/사진=바이오비쥬미용 기업 청담글로벌이 미용 의료 자회사 바이오비쥬 상장에 따른 주주가치 훼손 우려가 나온다. 3년 전 청담글로벌 상장에 이은 중복 상장 지적에도 알짜 자회사 지분 매각에 나선 셈이기 때문이다.17일 기업금융(IB) 업계에 따르면 바이오비쥬는 공모 과정에서 낮은 오버행(잠재 매도 물량) 우려, 높은 공모가 할인율 등으로 주목받았다. 모집하는 30만주가 전량 신주이고 상장 첫날 유통가능 물량이 28.16%로 낮은 편이다. 기존 주주 주식을 내놓는 구주매출이 없고 매도 가능 물량이 낮다는 것은 그만큼 시장에서 주식 보유 의사가 높다는 평가다.공모가에도 긍정적 시각이 반영됐다. 바이오비쥬는 지난달 23~29일 기관 수요예측으로 공모가를 희망 상단인 9100원으로 결정했다. 참여 기관 가운데 2171곳이 9100원을 제시했고 그 이상을 기재한 곳도 277곳에 달했다. 18곳은 미제시했고 9100원 아래를 제시한 곳은 없었다.애초 공모가에 적용한 주가수익비율(PER)이나 할인율이 모두 양호했다. 공모가 희망범위 8000~9100원은 유사기업 6개사 PER 25.5배를 적용한 평가주가 1만3342원에 31.42~39.67%를 할인한 것이다.지난 1월 상장한 미용 의료기기 기업 아스테라시스는 PER 31.9배에 할인율 13.7~25.0%를 적용한 바 있다. 공모가는 희망 상단이었던 4600원이었고 이날 주가는 공모가 대비 105.4% 오른 9450원에 마쳤다.━모회사 청담글로벌 상황은 딴판… 주가, 3년전 공모가 보다 낮아━청담 글로벌 IR 자료 캡쳐./사진=청담글로벌신규 주주가 바이오비쥬 주식을 기업 가치 대비 낮은 가격에 매수할수록 기존 지배주주인 청담글로벌에는 손해다. 청담글로벌이 지닌 바이오비쥬 지분은 현재 63.99%에서 상장 뒤 50.85%로 줄어든다. 사실상 지분 매각이다.자회사 상장 전부터도 시장에서는 이날 기준 5840원인 회사 주가가 3년 전 상장 당시 공모가 6000원을 밑돌아 주주친화 대책이 필요하다는 지적을 제기하는 상황이다.코스닥 상장사인 청담글로벌은 바이오비쥬 지분을 줄이는 상장 대신 자사 유상증자 등을 택할 수 있었다. 똑같이 주식을 발행하더라도 상장보다는 유증이 필요 절차나 비용이 적을 뿐 아니라 이번에 지적됐던 모회사·자회사 중복 상장 논란을 감수하지 않아도 된다. 다수 중복 상장이 코리아 디스카운트 원인 중 하나로 지목돼 시장과 당국이 예민하게 보고 있다.그러나 유증을 하면 청담글로벌 경영권 방어가 취약해진다. 최대주주인 최석주 대표이사 청담글로벌 지분은 지난해 기준 40.67%다. 바이오비쥬 공모금 273억원을 시가총액 1200억원대인 청담글로벌 유증으로 조달하면 최 대표 지분이 30%선으로 떨어진다. 이사회 의결권 부족 등 경영권 공격을 받을 위험이 커지는 셈이다. 유증은 시장에서 회사 자금이 여의치 않다는 부정적 신호로도 읽힌다.'왜 청담글로벌 유증 대신 바이오비쥬 상장인가'라는 물음에 청담글로벌 관계자는 ""바이오비쥬가 지난해 상장을 준비한 것으로 아는데 자회사기는 하지만 내부 이야기를 자세하고 정확하게 알지는 않는다""면서 ""바이오비쥬에 문의해보는 게 좋을 것 같다""고 답했다.바이오비쥬 관계자는 ""수출 기업 입장에서 상장은 자금 조달만이 전부는 아니다""라며 ""글로벌 에스테틱 기업으로 한 단계 점프업하기 위한 대외 신인도 제고에도 중요하다""고 말했다. 그러면서 ""실제 주식 발행 규모도 전체 주식 19% 정도로 크지 않다""고 부연했다."
"""아직 안심 이르다""…또 관세 폭탄? 리스크에서 살아남을 주식은[부꾸미]",https://n.news.naver.com/mnews/article/008/0005195327,머니투데이,2025-05-17 03:30:00,"유중호 KB증권 수석연구원 인터뷰②미국과 중국의 협상으로 인해 미국 관세정책 불확실성이 정점을 지났으나, 금융투자업계 전문가들은 아직 안심하기 이르다고 분석한다. 미국이 또 다른 관세 정책을 내놓을지 모르는 상황이기 때문이다. 이에 올해는 관세 정책의 영향을 최소화할 수 있는 종목을 위주로 미국 주식 투자 전략을 짜야 한다는 조언이 나온다.KB증권 리서치 본부에서 미국 주식 개별 종목 분석을 담당하는 유중호 수석연구원은 머니투데이 증권 전문 유튜브 채널 '부꾸미-부자를 꿈꾸는 개미'와의 인터뷰에서 ""가격 결정력이 높고, 해외 매출 비중이 낮은 기업, 저가제품 판매기업 등을 살펴봐야 한다""고 말했다.※인터뷰 풀영상은 유튜브 채널 '부꾸미-부자를 꿈꾸는 개미'에서 확인하실 수 있습니다.Q. 올해는 좀 관세를 피하는 게 미국 주식 투자 전략을 짜는 데 관건이 될 것 같습니다. 어떤 기준을 세워서 기업들을 봐야 할까요?▶첫 번째로는 가격 결정력이 높은 기업입니다. 높은 시장 점유율이나 충성 고객들이 있어 원가 부담을 소비자한테 전가할 수 있습니다. 두 번째는 해외에서 생산하는 비중이 낮은 기업, 세 번째는 해외 매출이 조금 낮은 기업입니다. 또 마지막으로 저가 제품을 판매하는 기업에 주목해야 합니다.Q. 구체적으로 가격 결정력이 높은 기업은 어디인가요?▶엔비디아가 대표적입니다. 엔비디아의 데이터센터 시장 점유율이 거의 90%에 달합니다. 소비자에게 가격 부담을 전가할 수 있는 힘이 충분히 있습니다. 이 밖에 높은 점유율을 보유한 마이크로소프트, 어도비 등이 있습니다. ASML홀딩도 점유율이 높고, 인튜이티브서지컬, 마스터카드 등도 눈여겨볼 만합니다. 특히 마스터 카드는 결제를 하면은 이를 이행해주고, 수수료를 가져가는 사업 구조를 보유하고 있습니다. 이에 적은 자산으로도 고마진 효과를 누릴 수 있습니다.Q. 해외 매출 비중이 낮은 기업 중 주목해야 할 곳은 어디인가요?▶스타벅스가 사실 해외 매출 비중이 높지 않습니다. 미국 매출이 상당한 부문을 차지합니다. 스타벅스는 지난해 주가가 하락하는 등 이슈가 있었습니다. 그러나 지난해 9월 브라이언 니콜을 신규 CEO(최고경영자)로 선임한 이유 새로운 전략을 펼치고 있습니다. 이른바 '백 투 스타벅스(Back to Starbucks)'라는 문구를 내세우면서 양보다 질에 초점을 맞추고 있습니다. 새로운 CEO 취임 이후 실적이 개선되고 있습니다. 또 치폴레 멕시칸 그릴이라는 기업도 눈여겨볼 만합니다. 이 기업은 멕시코 음식을 대중화해서 미국에 판매합니다. 미국 매출 비중이 90%가 넘습니다.Q. 저가 제품 판매 기업도 추천한다면 어디인가요?▶달러 제네럴, 로스 스토어, TJX 컴퍼니가 대표적인 저가 제품 판매 기업입니다. 이 기업들은 일반 판매 상품을 저가에 들여와 소비자에게 판매합니다. 미국 전역에 매장이 있어, 소비 둔화 등이 발생할 경우 수요가 몰리는 경향이 있습니다. 실제로 해당 기업들은 지난 4월 초 도널드 트럼프 미국 대통령이 관세 정책을 발표했을 때 S&P500 지수 대비 더 높은 주가 흐름을 보였습니다.Q. 중장기적으로 미국 시장이 어떻게 흘러갈 것이라고 보시나요?▶미국 주식을 봐 온 입장으로 말하자면, 미국 시장은 긴 호흡으로 봐야 좋은 성과를 거두는 것 같습니다. 미국 시장은 상대적으로 경쟁력이 높은 주식 시장입니다. 일단 유명한 기업들이 많습니다. 이 기업들은 이익 성장성이 지속되고 있습니다. 또 미국 시장의 강점은 주주환원입니다. 강력한 펀더멘털과 주주환원까지 갖추고 있습니다. 전 세계 시장 중 미국 시장 주식의 ROE(자기자본이익률)가 가장 높습니다. 그런 부분을 감안하면 미국 시장은 장기적으로 괜찮을 것 같습니다."
국내 ETF ‘200조 시대’ 눈앞…글로벌 증시 반등에 순자산 ‘쑥’,https://n.news.naver.com/mnews/article/119/0002957324,데일리안,2025-05-17 02:21:12,"올해 2월 190조 돌파 이후 우상향세미중 무역 갈등 완화에 증시 회복 영향과도한 보수 인하는 수익성 악화 요인ⓒ게티이미지뱅크[데일리안 = 서진주 기자] 국내 상장지수펀드(ETF) 시장의 순자산총액(AUM)이 사상 처음 200조원 돌파를 눈앞에 두고 있다. 미국발 관세 전쟁이 휴전 모드에 돌입하면서 글로벌 증시가 반등한 영향으로 풀이된다.17일 금융투자협회에 따르면 이달 15일 기준 국내 ETF의 순자산 합계는 197조 2517억원으로 집계됐다. ETF 순자산은 올해 2월 190조원을 넘어선 이후 꾸준히 우상향 추세를 보였다.앞서 국내 ETF 시장은 코로나19 사태 이후 개인 투자자들의 매수세가 집중되며 빠르게 성장했다. 공모펀드 대비 운용·판매보수가 저렴하고, 주식처럼 실시간 매매가 가능하다는 점에서 투심을 샀다.지난 2023년 6월에는 처음으로 100조원을 돌파했다. ETF 시장 규모가 커지자 상품군도 다양해졌다. 단기 채권 기반의 머니머켓 ETF, 로봇·2차전지 등 테마형 ETF, 자산 배분을 적극 조정하는 액티브 ETF 등이 등장하며 인기를 모았다.업계에서는 최근 미국·중국의 무역 갈등이 큰 고비를 넘기며 글로벌 증시가 반등세로 돌아선 만큼 ETF 시장도 200조원을 넘어설 것이라는 전망이 나온다.다만 ETF 시장에 대한 우려의 시선도 함께 내비쳤다. 상품 차별화가 아닌 보수(수수료) 인하, 마케팅 공세에 보다 집중하는 분위기가 형성되면서 ETF 수익성이 떨어지는 ‘제 살 깎아먹기’ 경쟁을 심화할 수 있다는 이유에서다.금융투자업계 관계자는 “개인 투자자의 급증, 활발한 퇴직연금 투자 등을 고려하면 ETF 시장의 성장이 당분간 지속될 것”이라면서도 “과도한 보수 인하로 ETF 수익이 거의 없다는 점은 운용사의 고민”이라고 말했다."
"센트로이드, 테일러메이드 IPO 대신 경영권 매각 가닥[주간사모펀드]",https://n.news.naver.com/mnews/article/629/0000390706,더팩트,2025-05-17 00:01:40,"JKL파트너스 등 10곳, 교공 7000억 PEF 출자사업 운용사 선정한앤코 13년 경영 코아비스, 미국서 호평글로벌 골프용품 브랜드 테일러메이드 운영사 센트로이드인베스트먼트가 뉴욕증시 상장 대신 경영권 매각을 통해 투자금 회수에 나설 전망이다. /더팩트 DB사모펀드(PEF) 운용사 센트로이드인베스트먼트파트너스(센트로이드)가 골프용품 기업 테일러메이드의 엑시트(투자금 회수) 방향을 선회했다. 기업공개(IPO) 등 다양한 투자금 회수 방안을 검토해 왔으나 경영권 매각을 통해 잠재적 인수자들의 구미를 당겨 회수 시점을 앞당기겠다는 복안이다.◆ 확실·신속 회수 의지 강한 센트로이드…F&F 동의 여부는 관건17일 투자은행업계에 따르면 센트로이드는 테일러메이드 경영권 매각을 위한 절차에 돌입했다. 앞서 재무 자문사로 JP모간·제프리스를 선임해 투자금 회수 방안을 고민했고, 이익을 극대화하는 쪽으로 가닥을 잡은 결과다.센트로이드가 테일러메이드를 IPO가 아닌 매각으로 진행하는 배경으로는 프리미엄을 통한 밸류에이션과 투자금 회수 가능성 확대, 신속한 매각 절차 진행, 글로벌 골프용품 시장 우호적인 인수합병(M&A) 분위기 등이 고려해 판단한 것으로 풀이된다.또한 IPO는 상장 시 가치 디스카운트, 상장 시점 증시 분위기 등 불확실성이 깔려 있어 경영권 매각으로 노선을 틀었다는 평가도 나온다.골프용품 브랜드 내 테일러메이드의 기업가치도 한몫하고 있다. 타이틀리스트, 캘러웨이 등과 골프 마니아 사이에서 정통 3대 골프용품 브랜드로 꼽히는 테일러메이드는 최근 5년간 순 매출과 상각전영업이익(EBITA) 기준 각각 연평균 두 자릿수 성장률을 보이고 있다.다만 센트로이드의 테일러메이드 경영권 인수 당시 전략적투자자(SI)로 참여한 아웃도어 브랜드 디스커버리익스페디션의 유통 라이센스 업체 F&F도 센트로이드의 청사진에 동의할 지는 미지수로 꼽힌다. F&F 법률 자문을 맡은 법무법인 율촌에 따르면 센트로이드가 테일러메이드의 매각을 강행하면 사전동의권을 적법하게 행사할 것이라는 뉘앙스의 입장을 밝혀 왔기 때문이다.한편 센트로이드는 지난 2021년 아웃도어 브랜드 디스커버리 익스페디션의 유통 라이선스 회사 F&F와 함께 약 1조9000억원에 테일러메이드 지분 100%를 인수하는 계약을 체결하고 운영해 왔다. 기업가치는 미국 뉴욕증시에 상장한 경쟁사 타이틀리스트(상장명 아쿠쉬네트홀딩스) 주가를 고려해 약 5조원대로 추정된다.센트로이드 관계자는 ""테일러메이드의 주요 성과와 향후 계획을 종합적으로 고려해 매각 자문사와 함께 신규 투자자도 납득할 수 있는 성장스토리를 마련함과 동시에 기존 투자자들 수익률을 극대화할 수 있는 최적의 전략을 수립하고자 총력을 다할 것""이라고 밝혔다.◆ 교공 7000억 위탁사 마침내 선정…주목적 투자 제한 없어 '매력적' 평가도JKL파트너스 등 사모펀드 운용사 10곳이 교직원공제회(교공)의 7000억원대 블라인드 출자사업에 위탁사로 낙점됐다.투자은행업계에 따르면 교공은 최근 출자대상으로 선정한 사모펀드 운용사에 선정 결과를 개별 공지했다.위탁운용사로 선정된 곳은 JKL파트너스를 비롯해 IMM크레딧앤솔루션, 프랙시스캐피탈, KCGI, H&Q코리아, 프리미어파트너스, 제네시스PE, 이음프라이빗에쿼티(PE), LB인베스트먼트, 다올PE 등 10곳이다.주목적 제한 투자가 없어 다른 출자사업보다 매력적이라는 평가를 받은 교공의 7000억원 규모 출자사업에 사모펀드 운용사 10곳이 선정됐다. /더팩트 DB이들은 총 7000억원의 출자 사업 중 400~1000억원 사이의 자금을 받아 출자사업에 참여할 예정이다. 펀드별 출자액은 최종 펀드 결성 규모의 25% 내외이며, 선정된 위탁운용사는 9개월 이내에 2000억원 이상 규모의 블라인드 펀드를 조성해야 한다.교공의 이번 출자사업은 규모가 컸던 만큼 약 40여곳의 사모펀드 운용사가 경쟁을 벌인 것으로 알려졌다. 또 국내 기업 70% 투자 등 주목적 투자 제한이 없어 다른 출자사업보다 매력적이라는 평가도 이어졌다.사모펀드 운용사 대상 출자사업 위탁운용사를 선정한 교공은 벤처캐피탈(VC) 블라인드 펀드 위탁운용사도 선정할 방침이다. VC 대상 출자금액은 총 1520억원이며 운용사 수는 사모펀드 위탁운용사와 같다.◆ 한앤코 '아픈 손' 코아비스, 美 GM 우수 협력사 선정사모펀드 운용사 한앤컴퍼니(한앤코)가 과거 두 차례나 매각에 실패하면서 13년째 경영을 맡고 있는 자동차 연료펌프업체 코아비스가 미국 제너럴모터스(GM)의 우수 협력사에 선정됐다.코아비스는 최근 미국 애리조나주에서 열린 '제 33회 GM 올해의 우수 협력사' 시상식에서 '올해의 우수 협력사'와 '오버드라이브 상'을 수상했다고 16일 밝혔다.이날 시상식에서 올해의 우수 협력사와 오버드라이브 상을 공동 수상한 회사는 전 세계 4곳뿐이다. 국내에서는 코아비스가 유일했다.성연관 코아비스 대표는 ""수상을 통해 글로벌 최고 수준의 전동펌프 모듈 기술력과 품질 경쟁력을 인정받아 큰 영광""이라면서 ""코아비스는 앞으로도 고객과 굳건한 파트너십을 바탕으로 글로벌 탑티어 자동차 부품업체로 도약해 나갈 것""이라고 말했다.코아비스에 따르면 주요 공급 제품인 자동차 전동펌프 모듈의 품질 우수성이 GM의 호평을 받았다. 또 오버드라이브 상은 GM이 지속가능성, 혁신, 관계 증진 등 핵심 분야에서 탁월한 성과를 보인 8개 협력사에만 주어지는 시상인 만큼 국내 중견기업으로 이례적인 성과라는 자평이다.한편 1994년 설립된 코아비스는 지난 2021년 한앤컴퍼니로 주인이 바뀐 후 13년째 사모펀드 손에 운영되고 있다. 한앤컴퍼니는 당시 1호 블라인드 펀드 조성액을 통해 약 1000억원으로 코아비스를 품었다.다만 사모펀드 운용사의 장기 포트폴리오써 투자자들의 매력도는 떨어진다는 평가를 받는다. 한앤컴퍼니는 2017년과 2024년 매각 자문사를 삼일PwC로 선정하고 코아비스에 투자한 투자금 회수에 나섰으나, 마땅한 인수처가 등장하지 않으면서 모두 매각을 철회했다.발로 뛰는 더팩트는 24시간 여러분의 제보를 기다립니다.▶카카오톡: '더팩트제보' 검색▶이메일: jebo@tf.co.kr▶뉴스 홈페이지: http://talk.tf.co.kr/bbs/report/write"
